{"cameraMode":{"drawMode":0,"name":"Shaded","section":"Shading Mode"},"sceneLighting":true,"audioPlay":false,"sceneViewState":{"showFog":false,"showMaterialUpdate":false,"showSkybox":true,"showFlares":true,"showImageEffects":true,"showParticleSystems":true},"in2DMode":false,"pivot":{"x":-88.74641418457031,"y":-101.20218658447266,"z":285.5216979980469},"rotation":{"x":-0.030074601992964746,"y":-0.9635477662086487,"z":0.12234100699424744,"w":-0.2363605797290802},"size":85.92877960205078,"orthographic":false}