{"cameraMode":{"drawMode":0,"name":"Shaded","section":"Shading Mode"},"sceneLighting":false,"audioPlay":false,"sceneViewState":{"showFog":false,"showMaterialUpdate":false,"showSkybox":false,"showFlares":true,"showImageEffects":true,"showParticleSystems":true},"in2DMode":false,"pivot":{"x":1392.7445068359375,"y":-79.60324096679688,"z":2076.901611328125},"rotation":{"x":0.28438109159469607,"y":0.48991844058036806,"z":-0.1729518175125122,"w":0.8057557344436646},"size":85.78271484375,"orthographic":false}