{"cameraMode":{"drawMode":0,"name":"Shaded","section":"Shading Mode"},"sceneLighting":false,"audioPlay":false,"sceneViewState":{"showFog":false,"showMaterialUpdate":false,"showSkybox":false,"showFlares":true,"showImageEffects":true,"showParticleSystems":true},"in2DMode":false,"pivot":{"x":717.3751220703125,"y":444.72296142578127,"z":-21.113780975341798},"rotation":{"x":-0.05419875308871269,"y":0.05598597228527069,"z":-0.0030339949298650028,"w":-0.9969679117202759},"size":2204.515625,"orthographic":false}