{"cameraMode":{"drawMode":0,"name":"Shaded","section":"Shading Mode"},"sceneLighting":false,"audioPlay":false,"sceneViewState":{"showFog":false,"showMaterialUpdate":false,"showSkybox":false,"showFlares":true,"showImageEffects":true,"showParticleSystems":true},"in2DMode":false,"pivot":{"x":1157.3392333984375,"y":579.5142822265625,"z":-8.017601013183594},"rotation":{"x":0.025148464366793634,"y":0.05604996532201767,"z":0.0014164675958454609,"w":-0.9981299638748169},"size":680.5316162109375,"orthographic":false}