{"cameraMode":{"drawMode":0,"name":"Shaded","section":"Shading Mode"},"sceneLighting":true,"audioPlay":false,"sceneViewState":{"showFog":false,"showMaterialUpdate":false,"showSkybox":true,"showFlares":true,"showImageEffects":true,"showParticleSystems":true},"in2DMode":false,"pivot":{"x":2918.212158203125,"y":1005.72509765625,"z":909.2247314453125},"rotation":{"x":-0.09176120907068253,"y":0.4730202257633209,"z":0.05003214627504349,"w":0.8750002384185791},"size":1990.7740478515625,"orthographic":false}