{"cameraMode":{"drawMode":0,"name":"Shaded","section":"Shading Mode"},"sceneLighting":true,"audioPlay":false,"sceneViewState":{"showFog":false,"showMaterialUpdate":false,"showSkybox":true,"showFlares":true,"showImageEffects":true,"showParticleSystems":true},"in2DMode":false,"pivot":{"x":2918.212158203125,"y":1005.72509765625,"z":909.2247314453125},"rotation":{"x":-0.07919617742300034,"y":0.5892528295516968,"z":0.05864352732896805,"w":0.8021012544631958},"size":1906.597900390625,"orthographic":false}