{"cameraMode":{"drawMode":0,"name":"Shaded","section":"Shading Mode"},"sceneLighting":true,"audioPlay":false,"sceneViewState":{"showFog":false,"showMaterialUpdate":false,"showSkybox":true,"showFlares":true,"showImageEffects":true,"showParticleSystems":true},"in2DMode":false,"pivot":{"x":1724.889404296875,"y":2410.549560546875,"z":1800.8792724609375},"rotation":{"x":0.005140676163136959,"y":-0.9848738312721252,"z":0.029867196455597879,"w":0.17102749645709992},"size":1493.5799560546875,"orthographic":false}