{"cameraMode":{"drawMode":0,"name":"Shaded","section":"Shading Mode"},"sceneLighting":true,"audioPlay":false,"sceneViewState":{"showFog":false,"showMaterialUpdate":false,"showSkybox":true,"showFlares":true,"showImageEffects":true,"showParticleSystems":true},"in2DMode":false,"pivot":{"x":-81.70159149169922,"y":14.302659034729004,"z":-67.06375885009766},"rotation":{"x":0.0026161647401750089,"y":0.9907523393630981,"z":-0.016610581427812578,"w":0.13573676347732545},"size":72.91960144042969,"orthographic":false}