{"cameraMode":{"drawMode":0,"name":"Shaded","section":"Shading Mode"},"sceneLighting":false,"audioPlay":false,"sceneViewState":{"showFog":false,"showMaterialUpdate":false,"showSkybox":false,"showFlares":true,"showImageEffects":true,"showParticleSystems":true},"in2DMode":false,"pivot":{"x":0.009980924427509308,"y":0.0011505717411637307,"z":0.0035230382345616819},"rotation":{"x":-0.011915058828890324,"y":-0.9099030494689941,"z":0.02622588723897934,"w":-0.4138842821121216},"size":-0.584987998008728,"orthographic":false}