{"cameraMode":{"drawMode":0,"name":"Shaded","section":"Shading Mode"},"sceneLighting":false,"audioPlay":false,"sceneViewState":{"showFog":false,"showMaterialUpdate":false,"showSkybox":false,"showFlares":true,"showImageEffects":true,"showParticleSystems":true},"in2DMode":false,"pivot":{"x":-49.4970817565918,"y":0.20281098783016206,"z":-37.34572219848633},"rotation":{"x":-0.06809283792972565,"y":0.7218150496482849,"z":-0.07208596915006638,"w":-0.685154139995575},"size":30.424440383911134,"orthographic":false}