{"cameraMode":{"drawMode":0,"name":"Shaded","section":"Shading Mode"},"sceneLighting":true,"audioPlay":false,"sceneViewState":{"showFog":false,"showMaterialUpdate":false,"showSkybox":true,"showFlares":true,"showImageEffects":true,"showParticleSystems":true},"in2DMode":false,"pivot":{"x":46.34785842895508,"y":-83.54370880126953,"z":29.391324996948243},"rotation":{"x":0.22249874472618104,"y":0.20901164412498475,"z":-0.048880305141210559,"w":0.951073169708252},"size":103.93771362304688,"orthographic":false}