{"cameraMode":{"drawMode":0,"name":"Shaded","section":"Shading Mode"},"sceneLighting":true,"audioPlay":false,"sceneViewState":{"showFog":false,"showMaterialUpdate":false,"showSkybox":false,"showFlares":true,"showImageEffects":true,"showParticleSystems":true},"in2DMode":false,"pivot":{"x":709.7918090820313,"y":332.55364990234377,"z":-127.698486328125},"rotation":{"x":-0.032114699482917789,"y":-0.9654747247695923,"z":0.14474353194236756,"w":-0.21427185833454133},"size":479.2614440917969,"orthographic":false}