{"cameraMode":{"drawMode":0,"name":"Shaded","section":"Shading Mode"},"sceneLighting":false,"audioPlay":false,"sceneViewState":{"showFog":false,"showMaterialUpdate":false,"showSkybox":false,"showFlares":true,"showImageEffects":true,"showParticleSystems":true},"in2DMode":false,"pivot":{"x":-97.56999969482422,"y":-3.0399999618530275,"z":30.899999618530275},"rotation":{"x":-0.012304400093853474,"y":0.029090991243720056,"z":-0.00034973834408447146,"w":-0.9995153546333313},"size":2.863302230834961,"orthographic":false}