{"cameraMode":{"drawMode":0,"name":"Shaded","section":"Shading Mode"},"sceneLighting":true,"audioPlay":false,"sceneViewState":{"showFog":false,"showMaterialUpdate":false,"showSkybox":true,"showFlares":true,"showImageEffects":true,"showParticleSystems":true},"in2DMode":false,"pivot":{"x":-98.75540924072266,"y":-6.109261989593506,"z":28.284767150878908},"rotation":{"x":0.0010412752162665129,"y":-0.9795070290565491,"z":0.20142251253128053,"w":0.0049994816072285179},"size":22.812929153442384,"orthographic":false}