{"cameraMode":{"drawMode":0,"name":"Shaded","section":"Shading Mode"},"sceneLighting":false,"audioPlay":false,"sceneViewState":{"showFog":false,"showMaterialUpdate":false,"showSkybox":false,"showFlares":true,"showImageEffects":true,"showParticleSystems":true},"in2DMode":false,"pivot":{"x":849.8181762695313,"y":674.4895629882813,"z":3.508704662322998},"rotation":{"x":0.004186933860182762,"y":-0.04289079084992409,"z":-0.00017453312466386706,"w":-0.9990907311439514},"size":711.4464111328125,"orthographic":false}