{"cameraMode":{"drawMode":0,"name":"Shaded","section":"Shading Mode"},"sceneLighting":true,"audioPlay":false,"sceneViewState":{"showFog":false,"showMaterialUpdate":false,"showSkybox":true,"showFlares":true,"showImageEffects":true,"showParticleSystems":true},"in2DMode":false,"pivot":{"x":996.1412353515625,"y":159.4530029296875,"z":-230.88796997070313},"rotation":{"x":0.002135490532964468,"y":-0.9978447556495667,"z":0.04374593496322632,"w":0.05037486553192139},"size":2315.639892578125,"orthographic":false}