{"cameraMode":{"drawMode":0,"name":"Shaded","section":"Shading Mode"},"sceneLighting":false,"audioPlay":false,"sceneViewState":{"showFog":false,"showMaterialUpdate":false,"showSkybox":false,"showFlares":true,"showImageEffects":true,"showParticleSystems":true},"in2DMode":false,"pivot":{"x":2077.69921875,"y":310.28546142578127,"z":-2339.771240234375},"rotation":{"x":0.006847981829196215,"y":0.9503529071807861,"z":-0.020182739943265916,"w":0.3109009265899658},"size":4468.7919921875,"orthographic":false}