{"cameraMode":{"drawMode":0,"name":"Shaded","section":"Shading Mode"},"sceneLighting":true,"audioPlay":false,"sceneViewState":{"showFog":false,"showMaterialUpdate":false,"showSkybox":true,"showFlares":true,"showImageEffects":true,"showParticleSystems":true},"in2DMode":false,"pivot":{"x":-83.90228271484375,"y":39.16544723510742,"z":-27.505552291870118},"rotation":{"x":0.35363397002220156,"y":0.3344647288322449,"z":-0.13672521710395814,"w":0.8629505038261414},"size":883.64697265625,"orthographic":false}