{"cameraMode":{"drawMode":0,"name":"Shaded","section":"Shading Mode"},"sceneLighting":true,"audioPlay":false,"sceneViewState":{"showFog":false,"showMaterialUpdate":false,"showSkybox":true,"showFlares":true,"showImageEffects":true,"showParticleSystems":true},"in2DMode":false,"pivot":{"x":260.1171875,"y":85.05297088623047,"z":362.08148193359377},"rotation":{"x":-0.1812189817428589,"y":-0.3119433522224426,"z":0.06075190752744675,"w":-0.9307066798210144},"size":311.4159851074219,"orthographic":false}