{"cameraMode":{"drawMode":0,"name":"Shaded","section":"Shading Mode"},"sceneLighting":false,"audioPlay":false,"sceneViewState":{"showFog":false,"showMaterialUpdate":false,"showSkybox":false,"showFlares":true,"showImageEffects":true,"showParticleSystems":true},"in2DMode":false,"pivot":{"x":849.8181762695313,"y":674.4895629882813,"z":3.508704662322998},"rotation":{"x":0.0011851678136736155,"y":0.09047437459230423,"z":0.00011287353845546022,"w":-0.995917797088623},"size":507.36846923828127,"orthographic":false}