{"cameraMode":{"drawMode":0,"name":"Shaded","section":"Shading Mode"},"sceneLighting":false,"audioPlay":false,"sceneViewState":{"showFog":false,"showMaterialUpdate":false,"showSkybox":false,"showFlares":true,"showImageEffects":true,"showParticleSystems":true},"in2DMode":false,"pivot":{"x":55.455047607421878,"y":3.760009765625,"z":47.577178955078128},"rotation":{"x":0.006847981829196215,"y":0.9503529071807861,"z":-0.020182739943265916,"w":0.3109009265899658},"size":890.1989135742188,"orthographic":false}