{"cameraMode":{"drawMode":0,"name":"Shaded","section":"Shading Mode"},"sceneLighting":false,"audioPlay":false,"sceneViewState":{"showFog":false,"showMaterialUpdate":false,"showSkybox":false,"showFlares":true,"showImageEffects":true,"showParticleSystems":true},"in2DMode":false,"pivot":{"x":1358.5546875,"y":9.897175788879395,"z":2087.844482421875},"rotation":{"x":0.015176888555288315,"y":0.1289386749267578,"z":-0.002006867900490761,"w":0.9915676116943359},"size":98.22354888916016,"orthographic":false}