{"cameraMode":{"drawMode":0,"name":"Shaded","section":"Shading Mode"},"sceneLighting":true,"audioPlay":false,"sceneViewState":{"showFog":false,"showMaterialUpdate":false,"showSkybox":true,"showFlares":true,"showImageEffects":true,"showParticleSystems":true},"in2DMode":false,"pivot":{"x":-1399.7432861328125,"y":347.3791198730469,"z":-4376.3154296875},"rotation":{"x":0.006847981829196215,"y":0.9503529071807861,"z":-0.020182739943265916,"w":0.3109009265899658},"size":521.766357421875,"orthographic":false}