{"cameraMode":{"drawMode":0,"name":"Shaded","section":"Shading Mode"},"sceneLighting":false,"audioPlay":false,"sceneViewState":{"showFog":false,"showMaterialUpdate":false,"showSkybox":false,"showFlares":true,"showImageEffects":true,"showParticleSystems":true},"in2DMode":false,"pivot":{"x":1358.5546875,"y":9.897175788879395,"z":2087.844482421875},"rotation":{"x":0.0032496314961463215,"y":0.17933949828147889,"z":-0.0006257097702473402,"w":0.9838152527809143},"size":98.22354888916016,"orthographic":false}