{"cameraMode":{"drawMode":0,"name":"Shaded","section":"Shading Mode"},"sceneLighting":false,"audioPlay":false,"sceneViewState":{"showFog":false,"showMaterialUpdate":false,"showSkybox":false,"showFlares":true,"showImageEffects":true,"showParticleSystems":true},"in2DMode":false,"pivot":{"x":2309.22265625,"y":229.9295196533203,"z":1849.7205810546875},"rotation":{"x":0.14680977165699006,"y":0.19479449093341828,"z":-0.02952270209789276,"w":0.9693791270256043},"size":0.8272687792778015,"orthographic":false}