{"cameraMode":{"drawMode":0,"name":"Shaded","section":"Shading Mode"},"sceneLighting":true,"audioPlay":false,"sceneViewState":{"showFog":false,"showMaterialUpdate":false,"showSkybox":true,"showFlares":true,"showImageEffects":true,"showParticleSystems":true},"in2DMode":false,"pivot":{"x":229.61685180664063,"y":96.62380981445313,"z":240.56637573242188},"rotation":{"x":0.07147917151451111,"y":-0.3115036189556122,"z":0.023493710905313493,"w":0.94731605052948},"size":230.698974609375,"orthographic":false}