{"cameraMode":{"drawMode":0,"name":"Shaded","section":"Shading Mode"},"sceneLighting":true,"audioPlay":false,"sceneViewState":{"showFog":false,"showMaterialUpdate":false,"showSkybox":true,"showFlares":true,"showImageEffects":true,"showParticleSystems":true},"in2DMode":false,"pivot":{"x":2832.530029296875,"y":912.5720825195313,"z":901.519775390625},"rotation":{"x":0.17406779527664185,"y":0.7289665937423706,"z":-0.20063947141170503,"w":0.6311449408531189},"size":1672.4154052734375,"orthographic":false}