{"cameraMode":{"drawMode":0,"name":"Shaded","section":"Shading Mode"},"sceneLighting":true,"audioPlay":false,"sceneViewState":{"showFog":false,"showMaterialUpdate":false,"showSkybox":true,"showFlares":true,"showImageEffects":true,"showParticleSystems":true},"in2DMode":false,"pivot":{"x":1007.3375244140625,"y":174.13894653320313,"z":-228.0157012939453},"rotation":{"x":0.0002661665785126388,"y":-0.9986299276351929,"z":0.006303855217993259,"w":0.053415488451719287},"size":1282.5,"orthographic":false}