{"cameraMode":{"drawMode":0,"name":"Shaded","section":"Shading Mode"},"sceneLighting":true,"audioPlay":false,"sceneViewState":{"showFog":false,"showMaterialUpdate":false,"showSkybox":false,"showFlares":true,"showImageEffects":true,"showParticleSystems":true},"in2DMode":false,"pivot":{"x":709.7918090820313,"y":332.55364990234377,"z":-127.698486328125},"rotation":{"x":-0.1030878946185112,"y":-0.7107517719268799,"z":0.10655996948480606,"w":-0.6876700520515442},"size":1990.1578369140625,"orthographic":false}