{"cameraMode":{"drawMode":0,"name":"Shaded","section":"Shading Mode"},"sceneLighting":false,"audioPlay":false,"sceneViewState":{"showFog":false,"showMaterialUpdate":false,"showSkybox":false,"showFlares":true,"showImageEffects":true,"showParticleSystems":true},"in2DMode":false,"pivot":{"x":1338.32373046875,"y":-71.0863265991211,"z":2068.8740234375},"rotation":{"x":0.26051396131515505,"y":0.4292142391204834,"z":-0.13083262741565705,"w":0.8548920154571533},"size":185.33380126953126,"orthographic":false}