{"cameraMode":{"drawMode":0,"name":"Shaded","section":"Shading Mode"},"sceneLighting":false,"audioPlay":false,"sceneViewState":{"showFog":false,"showMaterialUpdate":false,"showSkybox":false,"showFlares":true,"showImageEffects":true,"showParticleSystems":true},"in2DMode":false,"pivot":{"x":1083.7498779296875,"y":416.24993896484377,"z":0.0},"rotation":{"x":0.056661151349544528,"y":-0.0009024603641591966,"z":-0.000047320649173343554,"w":-0.9984128475189209},"size":764.54345703125,"orthographic":false}