{"cameraMode":{"drawMode":0,"name":"Shaded","section":"Shading Mode"},"sceneLighting":true,"audioPlay":false,"sceneViewState":{"showFog":false,"showMaterialUpdate":false,"showSkybox":true,"showFlares":true,"showImageEffects":true,"showParticleSystems":true},"in2DMode":false,"pivot":{"x":2585.38720703125,"y":174.71266174316407,"z":1509.541259765625},"rotation":{"x":-0.02703068032860756,"y":-0.9492244124412537,"z":0.30177268385887148,"w":-0.085085429251194},"size":3064.0654296875,"orthographic":false}