{"cameraMode":{"drawMode":0,"name":"Shaded","section":"Shading Mode"},"sceneLighting":true,"audioPlay":false,"sceneViewState":{"showFog":false,"showMaterialUpdate":false,"showSkybox":true,"showFlares":true,"showImageEffects":true,"showParticleSystems":true},"in2DMode":false,"pivot":{"x":190.45159912109376,"y":-199.1396026611328,"z":-183.0723114013672},"rotation":{"x":-0.10956550389528275,"y":-0.8867339491844177,"z":0.2716955542564392,"w":-0.35767367482185366},"size":227.58926391601563,"orthographic":false}