{"cameraMode":{"drawMode":0,"name":"Shaded","section":"Shading Mode"},"sceneLighting":false,"audioPlay":false,"sceneViewState":{"showFog":false,"showMaterialUpdate":false,"showSkybox":false,"showFlares":true,"showImageEffects":true,"showParticleSystems":true},"in2DMode":false,"pivot":{"x":0.010789679363369942,"y":0.0379992239177227,"z":-0.04398433864116669},"rotation":{"x":0.10788465291261673,"y":0.17566603422164918,"z":-0.01929881051182747,"w":0.978413462638855},"size":0.3357313275337219,"orthographic":false}