{"cameraMode":{"drawMode":0,"name":"Shaded","section":"Shading Mode"},"sceneLighting":false,"audioPlay":false,"sceneViewState":{"showFog":false,"showMaterialUpdate":false,"showSkybox":false,"showFlares":false,"showImageEffects":false,"showParticleSystems":false},"in2DMode":false,"pivot":{"x":-27.046607971191408,"y":-91.11740112304688,"z":354.0048522949219},"rotation":{"x":-0.7286396622657776,"y":-0.04572222754359245,"z":-0.04878793656826019,"w":0.6816607117652893},"size":63.800750732421878,"orthographic":true}