{"cameraMode":{"drawMode":0,"name":"Shaded","section":"Shading Mode"},"sceneLighting":true,"audioPlay":false,"sceneViewState":{"showFog":false,"showMaterialUpdate":false,"showSkybox":false,"showFlares":true,"showImageEffects":true,"showParticleSystems":true},"in2DMode":false,"pivot":{"x":-75.4317398071289,"y":203.56192016601563,"z":-27.06050682067871},"rotation":{"x":-0.013412159867584706,"y":-0.632199764251709,"z":0.010154195129871369,"w":-0.7748008966445923},"size":202.39756774902345,"orthographic":false}