{"cameraMode":{"drawMode":0,"name":"Shaded","section":"Shading Mode"},"sceneLighting":false,"audioPlay":false,"sceneViewState":{"showFog":true,"showMaterialUpdate":false,"showSkybox":false,"showFlares":false,"showImageEffects":false,"showParticleSystems":false},"in2DMode":false,"pivot":{"x":193.1612548828125,"y":0.942256510257721,"z":155.1498565673828},"rotation":{"x":0.07292216271162033,"y":-0.8310463428497315,"z":0.11037597805261612,"w":0.5412937998771668},"size":0.2854960858821869,"orthographic":true}