{"cameraMode":{"drawMode":0,"name":"Shaded","section":"Shading Mode"},"sceneLighting":true,"audioPlay":false,"sceneViewState":{"showFog":false,"showMaterialUpdate":false,"showSkybox":false,"showFlares":true,"showImageEffects":true,"showParticleSystems":true},"in2DMode":false,"pivot":{"x":-40.08723449707031,"y":-104.24089050292969,"z":328.7292785644531},"rotation":{"x":-0.12022499740123749,"y":0.6880376935005188,"z":-0.11678483337163925,"w":-0.7068899869918823},"size":23.41598129272461,"orthographic":false}