{"cameraMode":{"drawMode":0,"name":"Shaded","section":"Shading Mode"},"sceneLighting":false,"audioPlay":false,"sceneViewState":{"showFog":true,"showMaterialUpdate":false,"showSkybox":false,"showFlares":true,"showImageEffects":true,"showParticleSystems":true},"in2DMode":false,"pivot":{"x":49.999755859375,"y":19.0,"z":-35.798343658447269},"rotation":{"x":-0.06302520632743836,"y":0.08730985969305039,"z":-0.005534675437957048,"w":-0.9941743016242981},"size":3458.190185546875,"orthographic":false}