{"cameraMode":{"drawMode":0,"name":"Shaded","section":"Shading Mode"},"sceneLighting":false,"audioPlay":false,"sceneViewState":{"showFog":false,"showMaterialUpdate":false,"showSkybox":false,"showFlares":false,"showImageEffects":false,"showParticleSystems":false},"in2DMode":false,"pivot":{"x":-303.5027160644531,"y":-8.768071174621582,"z":-233.04774475097657},"rotation":{"x":0.06460841745138169,"y":-0.9344348311424255,"z":0.2369891256093979,"w":0.25905367732048037},"size":1.8936591148376465,"orthographic":true}