{"cameraMode":{"drawMode":0,"name":"Shaded","section":"Shading Mode"},"sceneLighting":false,"audioPlay":false,"sceneViewState":{"showFog":false,"showMaterialUpdate":false,"showSkybox":false,"showFlares":false,"showImageEffects":false,"showParticleSystems":false},"in2DMode":false,"pivot":{"x":-108.6741714477539,"y":-1.6643714904785157,"z":11.167998313903809},"rotation":{"x":-0.012640070170164109,"y":-0.9740555286407471,"z":0.062022630125284198,"w":-0.21868090331554414},"size":0.8938774466514587,"orthographic":false}