{"cameraMode":{"drawMode":0,"name":"Shaded","section":"Shading Mode"},"sceneLighting":false,"audioPlay":false,"sceneViewState":{"showFog":true,"showMaterialUpdate":false,"showSkybox":false,"showFlares":true,"showImageEffects":true,"showParticleSystems":true},"in2DMode":false,"pivot":{"x":-24.396366119384767,"y":84.10565185546875,"z":35.709205627441409},"rotation":{"x":-0.001072121667675674,"y":-0.9962887167930603,"z":0.08539021760225296,"w":-0.012555289082229138},"size":97.47228240966797,"orthographic":true}