{"cameraMode":{"drawMode":0,"name":"Shaded","section":"Shading Mode"},"sceneLighting":false,"audioPlay":false,"sceneViewState":{"showFog":false,"showMaterialUpdate":false,"showSkybox":false,"showFlares":false,"showImageEffects":false,"showParticleSystems":false},"in2DMode":false,"pivot":{"x":-23.33843421936035,"y":3.5428497791290285,"z":-43.86582946777344},"rotation":{"x":0.08087699860334397,"y":-0.8158960938453674,"z":0.11782754212617874,"w":0.560337483882904},"size":13.738714218139649,"orthographic":true}