{"cameraMode":{"drawMode":0,"name":"Shaded","section":"Shading Mode"},"sceneLighting":false,"audioPlay":false,"sceneViewState":{"showFog":true,"showMaterialUpdate":false,"showSkybox":false,"showFlares":false,"showImageEffects":false,"showParticleSystems":false},"in2DMode":false,"pivot":{"x":0.012066086754202843,"y":-0.06673600524663925,"z":0.09735846519470215},"rotation":{"x":-0.017628952860832216,"y":-0.6361343860626221,"z":-0.015419523231685162,"w":0.7719369530677795},"size":5.718330383300781,"orthographic":true}