{"cameraMode":{"drawMode":0,"name":"Shaded","section":"Shading Mode"},"sceneLighting":false,"audioPlay":false,"sceneViewState":{"showFog":false,"showMaterialUpdate":false,"showSkybox":false,"showFlares":false,"showImageEffects":false,"showParticleSystems":false},"in2DMode":false,"pivot":{"x":197.8194122314453,"y":0.426990807056427,"z":147.85739135742188},"rotation":{"x":-0.012528488412499428,"y":0.5873662233352661,"z":-0.006756255403161049,"w":-0.809954822063446},"size":9.864075660705567,"orthographic":true}