{"cameraMode":{"drawMode":0,"name":"Shaded","section":"Shading Mode"},"sceneLighting":false,"audioPlay":false,"sceneViewState":{"showFog":true,"showMaterialUpdate":true,"showSkybox":false,"showFlares":true,"showImageEffects":true,"showParticleSystems":true},"in2DMode":false,"pivot":{"x":0.4498704671859741,"y":5.179999828338623,"z":53.78974533081055},"rotation":{"x":-0.2798675000667572,"y":0.04678334295749664,"z":-0.013614453375339508,"w":-0.9595036506652832},"size":1.8502655029296876,"orthographic":false}