{"cameraMode":{"drawMode":0,"name":"Shaded","section":"Shading Mode"},"sceneLighting":false,"audioPlay":false,"sceneViewState":{"showFog":false,"showMaterialUpdate":false,"showSkybox":false,"showFlares":true,"showImageEffects":true,"showParticleSystems":true},"in2DMode":false,"pivot":{"x":-110.18281555175781,"y":-1.4907760620117188,"z":12.859480857849121},"rotation":{"x":0.18500623106956483,"y":0.6516892910003662,"z":-0.16987420618534089,"w":0.7160999178886414},"size":4.522873878479004,"orthographic":true}