{"cameraMode":{"drawMode":0,"name":"Shaded","section":"Shading Mode"},"sceneLighting":false,"audioPlay":false,"sceneViewState":{"showFog":false,"showMaterialUpdate":false,"showSkybox":false,"showFlares":false,"showImageEffects":false,"showParticleSystems":false},"in2DMode":false,"pivot":{"x":185.86044311523438,"y":1.2328228950500489,"z":153.89779663085938},"rotation":{"x":0.19131486117839814,"y":0.11302946507930756,"z":-0.022346019744873048,"w":0.9748365879058838},"size":6.1086273193359379,"orthographic":false}