{"cameraMode":{"drawMode":0,"name":"Shaded","section":"Shading Mode"},"sceneLighting":true,"audioPlay":false,"sceneViewState":{"showFog":false,"showMaterialUpdate":false,"showSkybox":false,"showFlares":true,"showImageEffects":true,"showParticleSystems":true},"in2DMode":false,"pivot":{"x":698.1648559570313,"y":171.72216796875,"z":282.2292785644531},"rotation":{"x":-0.043062858283519748,"y":-0.04235981032252312,"z":-0.004136528354138136,"w":0.998631477355957},"size":20.684993743896486,"orthographic":false}