{"cameraMode":{"drawMode":0,"name":"Shaded","section":"Shading Mode"},"sceneLighting":false,"audioPlay":false,"sceneViewState":{"showFog":false,"showMaterialUpdate":false,"showSkybox":false,"showFlares":false,"showImageEffects":false,"showParticleSystems":false},"in2DMode":false,"pivot":{"x":0.024396361783146859,"y":1.598096251487732,"z":0.0010723114246502519},"rotation":{"x":-0.01577996276319027,"y":0.9835244417190552,"z":-0.14565983414649964,"w":-0.1083986833691597},"size":10.0,"orthographic":false}