{"cameraMode":{"drawMode":0,"name":"Shaded","section":"Shading Mode"},"sceneLighting":false,"audioPlay":false,"sceneViewState":{"showFog":false,"showMaterialUpdate":false,"showSkybox":false,"showFlares":false,"showImageEffects":false,"showParticleSystems":false},"in2DMode":false,"pivot":{"x":-0.059999942779541019,"y":4.889999866485596,"z":18.489999771118165},"rotation":{"x":0.24062104523181916,"y":-0.31618547439575198,"z":0.08317981660366059,"w":0.9140138030052185},"size":4.189385890960693,"orthographic":true}