{"cameraMode":{"drawMode":0,"name":"Shaded","section":"Shading Mode"},"sceneLighting":false,"audioPlay":false,"sceneViewState":{"showFog":true,"showMaterialUpdate":false,"showSkybox":false,"showFlares":true,"showImageEffects":true,"showParticleSystems":true},"in2DMode":false,"pivot":{"x":-41.144142150878909,"y":-9.936382293701172,"z":-70.36014556884766},"rotation":{"x":-0.006906533148139715,"y":-0.9781070947647095,"z":0.20541025698184968,"w":-0.03287782892584801},"size":43.478309631347659,"orthographic":true}