{"cameraMode":{"drawMode":0,"name":"Shaded","section":"Shading Mode"},"sceneLighting":false,"audioPlay":false,"sceneViewState":{"showFog":false,"showMaterialUpdate":false,"showSkybox":false,"showFlares":true,"showImageEffects":true,"showParticleSystems":true},"in2DMode":false,"pivot":{"x":-108.49552154541016,"y":-1.5930252075195313,"z":10.967690467834473},"rotation":{"x":0.0123160844668746,"y":0.9493804574012756,"z":-0.04048594459891319,"w":0.31220608949661257},"size":1.4322912693023682,"orthographic":true}