{"cameraMode":{"drawMode":0,"name":"Shaded","section":"Shading Mode"},"sceneLighting":false,"audioPlay":false,"sceneViewState":{"showFog":true,"showMaterialUpdate":true,"showSkybox":true,"showFlares":true,"showImageEffects":true,"showParticleSystems":true},"in2DMode":false,"pivot":{"x":474.6375427246094,"y":128.39102172851563,"z":170.8102569580078},"rotation":{"x":0.1285615712404251,"y":0.7655452489852905,"z":-0.16227984428405763,"w":0.6094767451286316},"size":10.67714786529541,"orthographic":true}