{"cameraMode":{"drawMode":0,"name":"Shaded","section":"Shading Mode"},"sceneLighting":false,"audioPlay":false,"sceneViewState":{"showFog":false,"showMaterialUpdate":false,"showSkybox":false,"showFlares":true,"showImageEffects":true,"showParticleSystems":true},"in2DMode":false,"pivot":{"x":8.277263641357422,"y":-63.089237213134769,"z":155.33773803710938},"rotation":{"x":0.35293954610824587,"y":-0.36265432834625246,"z":-0.15158487856388093,"w":-0.8492463231086731},"size":45.86697006225586,"orthographic":false}