{"cameraMode":{"drawMode":0,"name":"Shaded","section":"Shading Mode"},"sceneLighting":false,"audioPlay":false,"sceneViewState":{"showFog":true,"showMaterialUpdate":false,"showSkybox":false,"showFlares":true,"showImageEffects":true,"showParticleSystems":true},"in2DMode":false,"pivot":{"x":-151.24302673339845,"y":28.469194412231447,"z":-10.746271133422852},"rotation":{"x":-0.14769048988819123,"y":-0.773537278175354,"z":0.1954614222049713,"w":-0.5845178961753845},"size":80.16243743896485,"orthographic":true}