{"cameraMode":{"drawMode":0,"name":"Shaded","section":"Shading Mode"},"sceneLighting":false,"audioPlay":false,"sceneViewState":{"showFog":false,"showMaterialUpdate":false,"showSkybox":false,"showFlares":false,"showImageEffects":false,"showParticleSystems":false},"in2DMode":false,"pivot":{"x":194.9666748046875,"y":0.06419859081506729,"z":149.9168701171875},"rotation":{"x":-0.062140900641679767,"y":0.28113919496536257,"z":-0.018246125429868699,"w":-0.9574806094169617},"size":5.101532459259033,"orthographic":false}