{"cameraMode":{"drawMode":0,"name":"Shaded","section":"Shading Mode"},"sceneLighting":false,"audioPlay":false,"sceneViewState":{"showFog":true,"showMaterialUpdate":false,"showSkybox":false,"showFlares":true,"showImageEffects":true,"showParticleSystems":true},"in2DMode":false,"pivot":{"x":933.2793579101563,"y":531.935791015625,"z":5.8028564453125},"rotation":{"x":-0.06302520632743836,"y":0.08730985969305039,"z":-0.005534675437957048,"w":-0.9941743016242981},"size":255.05116271972657,"orthographic":false}