{"cameraMode":{"drawMode":0,"name":"Shaded","section":"Shading Mode"},"sceneLighting":false,"audioPlay":false,"sceneViewState":{"showFog":true,"showMaterialUpdate":true,"showSkybox":false,"showFlares":true,"showImageEffects":true,"showParticleSystems":true},"in2DMode":false,"pivot":{"x":20.015846252441408,"y":1.617497444152832,"z":-12.720388412475586},"rotation":{"x":0.10412124544382096,"y":-0.6524393558502197,"z":0.086450956761837,"w":0.7467736005783081},"size":39.685455322265628,"orthographic":false}