{"cameraMode":{"drawMode":0,"name":"Shaded","section":"Shading Mode"},"sceneLighting":false,"audioPlay":false,"sceneViewState":{"showFog":true,"showMaterialUpdate":true,"showSkybox":true,"showFlares":true,"showImageEffects":true,"showParticleSystems":true},"in2DMode":false,"pivot":{"x":0.4214889407157898,"y":4.784602165222168,"z":53.814823150634769},"rotation":{"x":0.09242121130228043,"y":0.13743335008621217,"z":-0.012258333154022694,"w":0.9867666363716126},"size":2.1298182010650636,"orthographic":false}