{"cameraMode":{"drawMode":0,"name":"Shaded","section":"Shading Mode"},"sceneLighting":false,"audioPlay":false,"sceneViewState":{"showFog":false,"showMaterialUpdate":false,"showSkybox":false,"showFlares":false,"showImageEffects":false,"showParticleSystems":false},"in2DMode":false,"pivot":{"x":0.10096663236618042,"y":0.637836754322052,"z":0.015529889613389969},"rotation":{"x":0.00022883999918121845,"y":-0.9911835193634033,"z":0.1337309628725052,"w":0.010010972619056702},"size":9.891220092773438,"orthographic":true}