{"cameraMode":{"drawMode":0,"name":"Shaded","section":"Shading Mode"},"sceneLighting":false,"audioPlay":false,"sceneViewState":{"showFog":true,"showMaterialUpdate":false,"showSkybox":false,"showFlares":true,"showImageEffects":true,"showParticleSystems":true},"in2DMode":false,"pivot":{"x":506.28546142578127,"y":131.453369140625,"z":182.74830627441407},"rotation":{"x":-0.013806154951453209,"y":0.02159307338297367,"z":-0.0002978548000101,"w":-0.9996755123138428},"size":10.0,"orthographic":false}