{"cameraMode":{"drawMode":0,"name":"Shaded","section":"Shading Mode"},"sceneLighting":false,"audioPlay":false,"sceneViewState":{"showFog":false,"showMaterialUpdate":false,"showSkybox":false,"showFlares":true,"showImageEffects":true,"showParticleSystems":true},"in2DMode":false,"pivot":{"x":667.9913940429688,"y":521.5476684570313,"z":25.1630859375},"rotation":{"x":-0.04961932450532913,"y":0.07863598316907883,"z":-0.004219548311084509,"w":-0.9958564639091492},"size":668.709716796875,"orthographic":false}