{"cameraMode":{"drawMode":0,"name":"Shaded","section":"Shading Mode"},"sceneLighting":false,"audioPlay":false,"sceneViewState":{"showFog":true,"showMaterialUpdate":false,"showSkybox":false,"showFlares":false,"showImageEffects":false,"showParticleSystems":false},"in2DMode":false,"pivot":{"x":193.17355346679688,"y":1.1714359521865845,"z":155.1819305419922},"rotation":{"x":0.07292216271162033,"y":-0.8310463428497315,"z":0.11037597805261612,"w":0.5412937998771668},"size":0.5212892889976502,"orthographic":true}