{"cameraMode":{"drawMode":0,"name":"Shaded","section":"Shading Mode"},"sceneLighting":false,"audioPlay":false,"sceneViewState":{"showFog":false,"showMaterialUpdate":false,"showSkybox":false,"showFlares":true,"showImageEffects":true,"showParticleSystems":true},"in2DMode":false,"pivot":{"x":-1.9632962942123414,"y":-1.3976434469223023,"z":5.989773750305176},"rotation":{"x":0.13985995948314668,"y":0.6784404516220093,"z":-0.13470247387886048,"w":0.709357500076294},"size":11.79541301727295,"orthographic":false}