{"cameraMode":{"drawMode":0,"name":"Shaded","section":"Shading Mode"},"sceneLighting":false,"audioPlay":false,"sceneViewState":{"showFog":true,"showMaterialUpdate":false,"showSkybox":false,"showFlares":true,"showImageEffects":true,"showParticleSystems":true},"in2DMode":false,"pivot":{"x":-25.071308135986329,"y":2.7506942749023439,"z":-2.3577890396118166},"rotation":{"x":-0.03678670898079872,"y":-0.9608970284461975,"z":0.15704168379306794,"w":-0.22509078681468965},"size":0.22834917902946473,"orthographic":true}