{"cameraMode":{"drawMode":0,"name":"Shaded","section":"Shading Mode"},"sceneLighting":false,"audioPlay":false,"sceneViewState":{"showFog":true,"showMaterialUpdate":true,"showSkybox":true,"showFlares":true,"showImageEffects":true,"showParticleSystems":true},"in2DMode":false,"pivot":{"x":482.5628356933594,"y":126.15388488769531,"z":153.73291015625},"rotation":{"x":0.20847611129283906,"y":-0.017688564956188203,"z":0.003258972428739071,"w":0.9780612587928772},"size":0.6697035431861877,"orthographic":true}