{"cameraMode":{"drawMode":0,"name":"Shaded","section":"Shading Mode"},"sceneLighting":false,"audioPlay":false,"sceneViewState":{"showFog":false,"showMaterialUpdate":false,"showSkybox":false,"showFlares":false,"showImageEffects":false,"showParticleSystems":false},"in2DMode":false,"pivot":{"x":-314.8216857910156,"y":148.19833374023438,"z":-159.99874877929688},"rotation":{"x":-0.6031006574630737,"y":-0.3693177402019501,"z":0.36703720688819888,"w":-0.6046915054321289},"size":72.23651123046875,"orthographic":true}