{"cameraMode":{"drawMode":0,"name":"Shaded","section":"Shading Mode"},"sceneLighting":false,"audioPlay":false,"sceneViewState":{"showFog":true,"showMaterialUpdate":true,"showSkybox":false,"showFlares":true,"showImageEffects":true,"showParticleSystems":true},"in2DMode":false,"pivot":{"x":-3.1644697189331056,"y":4.786341190338135,"z":21.173315048217775},"rotation":{"x":0.056934427469968799,"y":-0.7509686350822449,"z":0.06611529737710953,"w":0.6555330157279968},"size":2.9279050827026369,"orthographic":false}