{"cameraMode":{"drawMode":0,"name":"Shaded","section":"Shading Mode"},"sceneLighting":true,"audioPlay":false,"sceneViewState":{"showFog":false,"showMaterialUpdate":false,"showSkybox":false,"showFlares":false,"showImageEffects":false,"showParticleSystems":false},"in2DMode":false,"pivot":{"x":-111.68229675292969,"y":4.911683082580566,"z":11.970930099487305},"rotation":{"x":0.06654980033636093,"y":0.9288541674613953,"z":-0.20527157187461854,"w":0.30112403631210329},"size":2.65812087059021,"orthographic":true}