{"cameraMode":{"drawMode":0,"name":"Shaded","section":"Shading Mode"},"sceneLighting":false,"audioPlay":false,"sceneViewState":{"showFog":false,"showMaterialUpdate":false,"showSkybox":false,"showFlares":false,"showImageEffects":false,"showParticleSystems":false},"in2DMode":false,"pivot":{"x":483.1087646484375,"y":130.4121856689453,"z":144.408203125},"rotation":{"x":0.0312935933470726,"y":-0.7720740437507629,"z":0.03911198303103447,"w":0.633784294128418},"size":4.453864097595215,"orthographic":true}