{"cameraMode":{"drawMode":0,"name":"Shaded","section":"Shading Mode"},"sceneLighting":true,"audioPlay":false,"sceneViewState":{"showFog":false,"showMaterialUpdate":false,"showSkybox":false,"showFlares":true,"showImageEffects":true,"showParticleSystems":true},"in2DMode":false,"pivot":{"x":1945.307373046875,"y":142.0616455078125,"z":1077.547607421875},"rotation":{"x":-0.11892803013324738,"y":0.25172170996665957,"z":-0.03144065663218498,"w":-0.9600847363471985},"size":407.471923828125,"orthographic":false}