{"cameraMode":{"drawMode":0,"name":"Shaded","section":"Shading Mode"},"sceneLighting":false,"audioPlay":false,"sceneViewState":{"showFog":false,"showMaterialUpdate":false,"showSkybox":false,"showFlares":true,"showImageEffects":true,"showParticleSystems":true},"in2DMode":false,"pivot":{"x":-301.3750305175781,"y":-3.4545576572418215,"z":-187.93177795410157},"rotation":{"x":-0.018185503780841829,"y":-0.9765954613685608,"z":0.09597732871770859,"w":-0.1932302564382553},"size":296.08099365234377,"orthographic":false}