{"cameraMode":{"drawMode":0,"name":"Shaded","section":"Shading Mode"},"sceneLighting":false,"audioPlay":false,"sceneViewState":{"showFog":false,"showMaterialUpdate":false,"showSkybox":false,"showFlares":true,"showImageEffects":true,"showParticleSystems":true},"in2DMode":false,"pivot":{"x":-829.97216796875,"y":-17.985551834106447,"z":-300.5770568847656},"rotation":{"x":-0.09836963564157486,"y":0.614776074886322,"z":-0.07731538265943527,"w":-0.7791685461997986},"size":157.05796813964845,"orthographic":false}