{"cameraMode":{"drawMode":0,"name":"Shaded","section":"Shading Mode"},"sceneLighting":false,"audioPlay":false,"sceneViewState":{"showFog":false,"showMaterialUpdate":false,"showSkybox":false,"showFlares":false,"showImageEffects":false,"showParticleSystems":false},"in2DMode":false,"pivot":{"x":426.6295166015625,"y":2.6332950592041017,"z":136.1477813720703},"rotation":{"x":-0.129060298204422,"y":0.08866147696971894,"z":-0.011272530071437359,"w":-0.9877439141273499},"size":2.370715618133545,"orthographic":true}