{"cameraMode":{"drawMode":0,"name":"Shaded","section":"Shading Mode"},"sceneLighting":false,"audioPlay":false,"sceneViewState":{"showFog":false,"showMaterialUpdate":false,"showSkybox":false,"showFlares":false,"showImageEffects":false,"showParticleSystems":false},"in2DMode":false,"pivot":{"x":-114.84770202636719,"y":0.44556617736816409,"z":18.08972930908203},"rotation":{"x":-0.031889621168375018,"y":-0.8059098720550537,"z":0.5899247527122498,"w":-0.045748572796583179},"size":13.399699211120606,"orthographic":false}