{"cameraMode":{"drawMode":0,"name":"Shaded","section":"Shading Mode"},"sceneLighting":false,"audioPlay":false,"sceneViewState":{"showFog":true,"showMaterialUpdate":true,"showSkybox":false,"showFlares":true,"showImageEffects":true,"showParticleSystems":true},"in2DMode":false,"pivot":{"x":-4.460000991821289,"y":24.95336151123047,"z":-13.280000686645508},"rotation":{"x":0.027450991794466974,"y":-0.6525288820266724,"z":0.01732868328690529,"w":0.7581422328948975},"size":10.12402629852295,"orthographic":false}