{"cameraMode":{"drawMode":0,"name":"Shaded","section":"Shading Mode"},"sceneLighting":false,"audioPlay":false,"sceneViewState":{"showFog":false,"showMaterialUpdate":false,"showSkybox":false,"showFlares":false,"showImageEffects":false,"showParticleSystems":false},"in2DMode":false,"pivot":{"x":504.07281494140627,"y":127.2546157836914,"z":147.3804931640625},"rotation":{"x":-0.14420048892498017,"y":0.602569043636322,"z":-0.1120026633143425,"w":-0.7770189046859741},"size":3.546488046646118,"orthographic":true}