{"cameraMode":{"drawMode":0,"name":"Shaded","section":"Shading Mode"},"sceneLighting":true,"audioPlay":false,"sceneViewState":{"showFog":true,"showMaterialUpdate":true,"showSkybox":true,"showFlares":true,"showImageEffects":true,"showParticleSystems":true},"in2DMode":false,"pivot":{"x":44.0999755859375,"y":1037.3416748046875,"z":0.0},"rotation":{"x":0.13000284135341645,"y":0.05901565030217171,"z":-0.017942721024155618,"w":0.9907113313674927},"size":199.8143310546875,"orthographic":false}