{"cameraMode":{"drawMode":0,"name":"Shaded","section":"Shading Mode"},"sceneLighting":false,"audioPlay":false,"sceneViewState":{"showFog":false,"showMaterialUpdate":false,"showSkybox":false,"showFlares":false,"showImageEffects":false,"showParticleSystems":false},"in2DMode":false,"pivot":{"x":-108.62789154052735,"y":6.030733585357666,"z":10.92935848236084},"rotation":{"x":0.5046388506889343,"y":-0.38076362013816836,"z":0.26238924264907839,"w":0.7294659614562988},"size":1.8131656646728516,"orthographic":false}