{"cameraMode":{"drawMode":0,"name":"Shaded","section":"Shading Mode"},"sceneLighting":true,"audioPlay":false,"sceneViewState":{"showFog":false,"showMaterialUpdate":false,"showSkybox":false,"showFlares":false,"showImageEffects":false,"showParticleSystems":false},"in2DMode":false,"pivot":{"x":472.9317321777344,"y":126.92700958251953,"z":164.71310424804688},"rotation":{"x":0.034799523651599887,"y":-0.6393508911132813,"z":0.029454322531819345,"w":0.767711341381073},"size":24.681663513183595,"orthographic":true}