{"cameraMode":{"drawMode":0,"name":"Shaded","section":"Shading Mode"},"sceneLighting":false,"audioPlay":false,"sceneViewState":{"showFog":false,"showMaterialUpdate":false,"showSkybox":false,"showFlares":false,"showImageEffects":false,"showParticleSystems":false},"in2DMode":false,"pivot":{"x":483.1087646484375,"y":130.4121856689453,"z":144.408203125},"rotation":{"x":-0.008202677592635155,"y":-0.9572449922561646,"z":-0.025101438164711,"w":0.288573682308197},"size":4.453864097595215,"orthographic":true}