{"cameraMode":{"drawMode":0,"name":"Shaded","section":"Shading Mode"},"sceneLighting":false,"audioPlay":false,"sceneViewState":{"showFog":false,"showMaterialUpdate":false,"showSkybox":false,"showFlares":true,"showImageEffects":true,"showParticleSystems":true},"in2DMode":false,"pivot":{"x":-302.5132751464844,"y":-5.567422866821289,"z":-233.4285125732422},"rotation":{"x":0.010555130429565907,"y":-0.7706052660942078,"z":0.011140143498778344,"w":0.637626588344574},"size":0.7434958815574646,"orthographic":false}