{"cameraMode":{"drawMode":0,"name":"Shaded","section":"Shading Mode"},"sceneLighting":true,"audioPlay":false,"sceneViewState":{"showFog":false,"showMaterialUpdate":false,"showSkybox":false,"showFlares":true,"showImageEffects":true,"showParticleSystems":true},"in2DMode":false,"pivot":{"x":1511.1236572265625,"y":638.091064453125,"z":1774.8004150390625},"rotation":{"x":-0.023974422365427018,"y":0.7076449394226074,"z":0.02437358722090721,"w":0.705906867980957},"size":979.998046875,"orthographic":false}