{"cameraMode":{"drawMode":0,"name":"Shaded","section":"Shading Mode"},"sceneLighting":true,"audioPlay":false,"sceneViewState":{"showFog":false,"showMaterialUpdate":false,"showSkybox":false,"showFlares":false,"showImageEffects":false,"showParticleSystems":false},"in2DMode":false,"pivot":{"x":471.9959716796875,"y":130.10227966308595,"z":152.02169799804688},"rotation":{"x":0.044644296169281009,"y":-0.38251885771751406,"z":0.019185161218047143,"w":0.9228264689445496},"size":8.344048500061036,"orthographic":true}