{"cameraMode":{"drawMode":0,"name":"Shaded","section":"Shading Mode"},"sceneLighting":false,"audioPlay":false,"sceneViewState":{"showFog":true,"showMaterialUpdate":true,"showSkybox":false,"showFlares":true,"showImageEffects":true,"showParticleSystems":true},"in2DMode":false,"pivot":{"x":-3.342416524887085,"y":9.407207489013672,"z":21.222885131835939},"rotation":{"x":0.032033272087574008,"y":-0.8910863399505615,"z":0.06480496376752854,"w":0.44947385787963869},"size":8.24344539642334,"orthographic":false}