{"cameraMode":{"drawMode":0,"name":"Shaded","section":"Shading Mode"},"sceneLighting":true,"audioPlay":false,"sceneViewState":{"showFog":true,"showMaterialUpdate":true,"showSkybox":true,"showFlares":true,"showImageEffects":true,"showParticleSystems":true},"in2DMode":false,"pivot":{"x":420.7814025878906,"y":4.317449569702148,"z":139.45777893066407},"rotation":{"x":-0.04999839514493942,"y":-0.2605029046535492,"z":-0.025557097047567369,"w":0.964881956577301},"size":36.12506866455078,"orthographic":false}