{"cameraMode":{"drawMode":0,"name":"Shaded","section":"Shading Mode"},"sceneLighting":false,"audioPlay":false,"sceneViewState":{"showFog":false,"showMaterialUpdate":false,"showSkybox":false,"showFlares":false,"showImageEffects":false,"showParticleSystems":false},"in2DMode":false,"pivot":{"x":-111.68229675292969,"y":4.911683082580566,"z":11.970930099487305},"rotation":{"x":-0.08523337543010712,"y":0.16027945280075074,"z":-0.013551267795264721,"w":-0.9834403395652771},"size":10.0,"orthographic":true}