{"cameraMode":{"drawMode":0,"name":"Shaded","section":"Shading Mode"},"sceneLighting":false,"audioPlay":false,"sceneViewState":{"showFog":true,"showMaterialUpdate":true,"showSkybox":false,"showFlares":true,"showImageEffects":true,"showParticleSystems":true},"in2DMode":false,"pivot":{"x":8.329999923706055,"y":0.019999999552965165,"z":-0.4399999976158142},"rotation":{"x":-0.013785608112812043,"y":0.7865139842033386,"z":0.013223993591964245,"w":0.6185750961303711},"size":10.0,"orthographic":false}