{"cameraMode":{"drawMode":0,"name":"Shaded","section":"Shading Mode"},"sceneLighting":false,"audioPlay":false,"sceneViewState":{"showFog":true,"showMaterialUpdate":false,"showSkybox":false,"showFlares":true,"showImageEffects":true,"showParticleSystems":true},"in2DMode":false,"pivot":{"x":194.4312744140625,"y":833.9909057617188,"z":-71.59668731689453},"rotation":{"x":-0.1674443930387497,"y":-0.02898361347615719,"z":0.0049253664910793308,"w":-0.9854465126991272},"size":3509.027587890625,"orthographic":false}