{"cameraMode":{"drawMode":0,"name":"Shaded","section":"Shading Mode"},"sceneLighting":false,"audioPlay":false,"sceneViewState":{"showFog":false,"showMaterialUpdate":false,"showSkybox":false,"showFlares":false,"showImageEffects":false,"showParticleSystems":false},"in2DMode":false,"pivot":{"x":472.16064453125,"y":125.3674545288086,"z":161.9450225830078},"rotation":{"x":-0.25056445598602297,"y":0.07760550826787949,"z":-0.020516198128461839,"w":-0.9648817181587219},"size":8.051304817199707,"orthographic":true}