{"cameraMode":{"drawMode":0,"name":"Shaded","section":"Shading Mode"},"sceneLighting":false,"audioPlay":false,"sceneViewState":{"showFog":false,"showMaterialUpdate":false,"showSkybox":false,"showFlares":false,"showImageEffects":false,"showParticleSystems":false},"in2DMode":false,"pivot":{"x":0.273162841796875,"y":6.729672908782959,"z":-2.1387367248535158},"rotation":{"x":0.19702591001987458,"y":-0.4876999855041504,"z":0.11497384309768677,"w":0.8429038524627686},"size":19.07499885559082,"orthographic":true}