{"cameraMode":{"drawMode":0,"name":"Shaded","section":"Shading Mode"},"sceneLighting":false,"audioPlay":false,"sceneViewState":{"showFog":false,"showMaterialUpdate":false,"showSkybox":false,"showFlares":false,"showImageEffects":false,"showParticleSystems":false},"in2DMode":false,"pivot":{"x":-108.6741714477539,"y":-1.6643714904785157,"z":11.167998313903809},"rotation":{"x":0.037450872361660007,"y":-0.8526706099510193,"z":-0.05933484435081482,"w":-0.5183070302009583},"size":3.293876886367798,"orthographic":false}