{"cameraMode":{"drawMode":0,"name":"Shaded","section":"Shading Mode"},"sceneLighting":false,"audioPlay":false,"sceneViewState":{"showFog":false,"showMaterialUpdate":false,"showSkybox":false,"showFlares":false,"showImageEffects":false,"showParticleSystems":false},"in2DMode":false,"pivot":{"x":0.747204065322876,"y":-4.4129180908203129,"z":-0.20131616294384004},"rotation":{"x":-0.014479604549705983,"y":0.9476169943809509,"z":0.04671007767319679,"w":0.316336989402771},"size":11.677093505859375,"orthographic":true}