{"cameraMode":{"drawMode":0,"name":"Shaded","section":"Shading Mode"},"sceneLighting":false,"audioPlay":false,"sceneViewState":{"showFog":false,"showMaterialUpdate":false,"showSkybox":false,"showFlares":false,"showImageEffects":false,"showParticleSystems":false},"in2DMode":false,"pivot":{"x":198.30557250976563,"y":1.1284105777740479,"z":151.06362915039063},"rotation":{"x":0.14569027721881867,"y":-0.4778219759464264,"z":0.07740184664726258,"w":0.8635944724082947},"size":13.093728065490723,"orthographic":true}