{"cameraMode":{"drawMode":0,"name":"Shaded","section":"Shading Mode"},"sceneLighting":true,"audioPlay":false,"sceneViewState":{"showFog":false,"showMaterialUpdate":false,"showSkybox":false,"showFlares":true,"showImageEffects":true,"showParticleSystems":true},"in2DMode":false,"pivot":{"x":703.48681640625,"y":233.02151489257813,"z":241.32244873046876},"rotation":{"x":-0.043062858283519748,"y":-0.04235981032252312,"z":-0.004136528354138136,"w":0.998631477355957},"size":543.771240234375,"orthographic":false}