{"cameraMode":{"drawMode":0,"name":"Shaded","section":"Shading Mode"},"sceneLighting":false,"audioPlay":false,"sceneViewState":{"showFog":true,"showMaterialUpdate":true,"showSkybox":false,"showFlares":true,"showImageEffects":true,"showParticleSystems":true},"in2DMode":false,"pivot":{"x":-3.1644697189331056,"y":4.786341190338135,"z":21.173315048217775},"rotation":{"x":0.4240405261516571,"y":0.36554959416389468,"z":-0.19084548950195313,"w":0.80711430311203},"size":1.1279053688049317,"orthographic":false}