{"cameraMode":{"drawMode":0,"name":"Shaded","section":"Shading Mode"},"sceneLighting":false,"audioPlay":false,"sceneViewState":{"showFog":false,"showMaterialUpdate":false,"showSkybox":false,"showFlares":true,"showImageEffects":true,"showParticleSystems":true},"in2DMode":false,"pivot":{"x":-829.97216796875,"y":-17.985551834106447,"z":-300.5770568847656},"rotation":{"x":0.12407916784286499,"y":-0.7962683439254761,"z":0.17412900924682618,"w":0.5665217638015747},"size":90.1507339477539,"orthographic":false}