{"cameraMode":{"drawMode":0,"name":"Shaded","section":"Shading Mode"},"sceneLighting":true,"audioPlay":false,"sceneViewState":{"showFog":true,"showMaterialUpdate":true,"showSkybox":true,"showFlares":true,"showImageEffects":true,"showParticleSystems":true},"in2DMode":false,"pivot":{"x":464.3238525390625,"y":130.22579956054688,"z":151.38638305664063},"rotation":{"x":0.014913646504282952,"y":0.7284260988235474,"z":0.03050876595079899,"w":-0.6858980059623718},"size":15.24213981628418,"orthographic":false}