{"cameraMode":{"drawMode":0,"name":"Shaded","section":"Shading Mode"},"sceneLighting":false,"audioPlay":false,"sceneViewState":{"showFog":true,"showMaterialUpdate":false,"showSkybox":false,"showFlares":true,"showImageEffects":true,"showParticleSystems":true},"in2DMode":false,"pivot":{"x":-32.294734954833987,"y":-98.66593170166016,"z":292.70001220703127},"rotation":{"x":0.06769054383039475,"y":-0.5926034450531006,"z":0.05009792745113373,"w":0.8011326193809509},"size":12.329686164855957,"orthographic":false}