{"cameraMode":{"drawMode":0,"name":"Shaded","section":"Shading Mode"},"sceneLighting":true,"audioPlay":false,"sceneViewState":{"showFog":false,"showMaterialUpdate":false,"showSkybox":false,"showFlares":false,"showImageEffects":false,"showParticleSystems":false},"in2DMode":false,"pivot":{"x":430.74365234375,"y":4.321786403656006,"z":123.60568237304688},"rotation":{"x":0.13466431200504304,"y":0.14246422052383424,"z":-0.019563481211662294,"w":0.9804152250289917},"size":2.6588194370269777,"orthographic":true}