{"cameraMode":{"drawMode":0,"name":"Shaded","section":"Shading Mode"},"sceneLighting":false,"audioPlay":false,"sceneViewState":{"showFog":true,"showMaterialUpdate":true,"showSkybox":true,"showFlares":true,"showImageEffects":true,"showParticleSystems":true},"in2DMode":false,"pivot":{"x":-75.78085327148438,"y":9.650019645690918,"z":-22.2240047454834},"rotation":{"x":0.020832659676671029,"y":-0.9730744361877441,"z":0.21040725708007813,"w":0.09390325099229813},"size":51.08681106567383,"orthographic":true}