{"cameraMode":{"drawMode":0,"name":"Shaded","section":"Shading Mode"},"sceneLighting":false,"audioPlay":false,"sceneViewState":{"showFog":true,"showMaterialUpdate":false,"showSkybox":false,"showFlares":true,"showImageEffects":true,"showParticleSystems":true},"in2DMode":false,"pivot":{"x":-101.31562042236328,"y":-6.484289646148682,"z":23.983036041259767},"rotation":{"x":0.02251831628382206,"y":-0.9771538972854614,"z":0.1360194832086563,"w":0.16181501746177674},"size":10.93112850189209,"orthographic":false}