{"cameraMode":{"drawMode":0,"name":"Shaded","section":"Shading Mode"},"sceneLighting":false,"audioPlay":false,"sceneViewState":{"showFog":true,"showMaterialUpdate":true,"showSkybox":false,"showFlares":true,"showImageEffects":true,"showParticleSystems":true},"in2DMode":false,"pivot":{"x":0.4498704671859741,"y":5.179999828338623,"z":53.78974533081055},"rotation":{"x":-0.1036846786737442,"y":0.008176889270544052,"z":-0.0008033045451156795,"w":-0.995253324508667},"size":2.75026535987854,"orthographic":false}