{"cameraMode":{"drawMode":0,"name":"Shaded","section":"Shading Mode"},"sceneLighting":false,"audioPlay":false,"sceneViewState":{"showFog":true,"showMaterialUpdate":true,"showSkybox":false,"showFlares":true,"showImageEffects":true,"showParticleSystems":true},"in2DMode":false,"pivot":{"x":453.79998779296877,"y":126.62000274658203,"z":126.0},"rotation":{"x":0.20596861839294434,"y":-0.7531458735466003,"z":0.2759456932544708,"w":0.5616629719734192},"size":12.827078819274903,"orthographic":false}