{"cameraMode":{"drawMode":0,"name":"Shaded","section":"Shading Mode"},"sceneLighting":false,"audioPlay":false,"sceneViewState":{"showFog":true,"showMaterialUpdate":true,"showSkybox":false,"showFlares":true,"showImageEffects":true,"showParticleSystems":true},"in2DMode":false,"pivot":{"x":431.5,"y":7.4648566246032719,"z":130.38108825683595},"rotation":{"x":0.06497161835432053,"y":0.1830042153596878,"z":0.016582822427153589,"w":-0.9816640615463257},"size":4.879917144775391,"orthographic":false}