{"cameraMode":{"drawMode":0,"name":"Shaded","section":"Shading Mode"},"sceneLighting":false,"audioPlay":false,"sceneViewState":{"showFog":false,"showMaterialUpdate":false,"showSkybox":false,"showFlares":false,"showImageEffects":false,"showParticleSystems":false},"in2DMode":false,"pivot":{"x":506.28546142578127,"y":131.453369140625,"z":182.74830627441407},"rotation":{"x":0.11763687431812287,"y":0.12147610634565354,"z":-0.014617621898651123,"w":0.9855931401252747},"size":840.6577758789063,"orthographic":false}