{"cameraMode":{"drawMode":0,"name":"Shaded","section":"Shading Mode"},"sceneLighting":true,"audioPlay":false,"sceneViewState":{"showFog":false,"showMaterialUpdate":false,"showSkybox":false,"showFlares":true,"showImageEffects":true,"showParticleSystems":true},"in2DMode":false,"pivot":{"x":-124.41999053955078,"y":-188.3056182861328,"z":210.99806213378907},"rotation":{"x":0.0989697054028511,"y":-0.8808462023735046,"z":0.21165218949317933,"w":0.41191208362579348},"size":252.94692993164063,"orthographic":false}