{"cameraMode":{"drawMode":0,"name":"Shaded","section":"Shading Mode"},"sceneLighting":true,"audioPlay":false,"sceneViewState":{"showFog":true,"showMaterialUpdate":true,"showSkybox":true,"showFlares":true,"showImageEffects":true,"showParticleSystems":true},"in2DMode":false,"pivot":{"x":-40.34794998168945,"y":-118.6385726928711,"z":253.5632781982422},"rotation":{"x":0.16882415115833283,"y":-0.3943518400192261,"z":0.06264132261276245,"w":0.9023720026016235},"size":39.58306121826172,"orthographic":false}