{"cameraMode":{"drawMode":0,"name":"Shaded","section":"Shading Mode"},"sceneLighting":false,"audioPlay":false,"sceneViewState":{"showFog":false,"showMaterialUpdate":false,"showSkybox":false,"showFlares":true,"showImageEffects":true,"showParticleSystems":true},"in2DMode":false,"pivot":{"x":-302.5132751464844,"y":-5.567422866821289,"z":-233.4285125732422},"rotation":{"x":-0.14533206820487977,"y":-0.6752767562866211,"z":0.13955391943454743,"w":-0.7099584937095642},"size":0.7434958815574646,"orthographic":false}