{"cameraMode":{"drawMode":0,"name":"Shaded","section":"Shading Mode"},"sceneLighting":false,"audioPlay":false,"sceneViewState":{"showFog":true,"showMaterialUpdate":false,"showSkybox":false,"showFlares":true,"showImageEffects":true,"showParticleSystems":true},"in2DMode":false,"pivot":{"x":-37.24309539794922,"y":13.012373924255371,"z":-76.10629272460938},"rotation":{"x":-0.01526091992855072,"y":-0.977661669254303,"z":0.07641226053237915,"w":-0.19523343443870545},"size":4.822092533111572,"orthographic":true}