{"cameraMode":{"drawMode":0,"name":"Shaded","section":"Shading Mode"},"sceneLighting":true,"audioPlay":false,"sceneViewState":{"showFog":false,"showMaterialUpdate":false,"showSkybox":false,"showFlares":false,"showImageEffects":false,"showParticleSystems":false},"in2DMode":false,"pivot":{"x":433.21063232421877,"y":131.29849243164063,"z":151.40625},"rotation":{"x":0.21302123367786408,"y":-0.12297970056533814,"z":0.027405528351664544,"w":0.9696287512779236},"size":71.44140625,"orthographic":false}