{"cameraMode":{"drawMode":0,"name":"Shaded","section":"Shading Mode"},"sceneLighting":false,"audioPlay":false,"sceneViewState":{"showFog":true,"showMaterialUpdate":false,"showSkybox":false,"showFlares":true,"showImageEffects":true,"showParticleSystems":true},"in2DMode":false,"pivot":{"x":-25.053665161132814,"y":0.18442749977111817,"z":-2.3575592041015627},"rotation":{"x":-0.009223273023962975,"y":-0.8809416890144348,"z":0.017179541289806367,"w":-0.47283196449279787},"size":7.136319637298584,"orthographic":true}