{"cameraMode":{"drawMode":0,"name":"Shaded","section":"Shading Mode"},"sceneLighting":false,"audioPlay":false,"sceneViewState":{"showFog":false,"showMaterialUpdate":false,"showSkybox":false,"showFlares":true,"showImageEffects":true,"showParticleSystems":true},"in2DMode":false,"pivot":{"x":-0.6957666873931885,"y":-1.2140171527862549,"z":-2.7257449626922609},"rotation":{"x":-0.033463697880506518,"y":0.9671148061752319,"z":-0.16875982284545899,"w":-0.19042469561100007},"size":19.93296241760254,"orthographic":false}