{"cameraMode":{"drawMode":0,"name":"Shaded","section":"Shading Mode"},"sceneLighting":false,"audioPlay":false,"sceneViewState":{"showFog":true,"showMaterialUpdate":true,"showSkybox":false,"showFlares":true,"showImageEffects":true,"showParticleSystems":true},"in2DMode":false,"pivot":{"x":7.909999847412109,"y":3.4800000190734865,"z":0.13000011444091798},"rotation":{"x":-0.013785608112812043,"y":0.7865139842033386,"z":0.013223993591964245,"w":0.6185750961303711},"size":8.485280990600586,"orthographic":false}