{"cameraMode":{"drawMode":0,"name":"Shaded","section":"Shading Mode"},"sceneLighting":false,"audioPlay":false,"sceneViewState":{"showFog":false,"showMaterialUpdate":false,"showSkybox":false,"showFlares":true,"showImageEffects":true,"showParticleSystems":true},"in2DMode":false,"pivot":{"x":-1.9765243530273438,"y":-0.2460009902715683,"z":0.18266642093658448},"rotation":{"x":0.17097891867160798,"y":0.49815818667411806,"z":-0.10084307938814163,"w":0.8441718220710754},"size":1.4229822158813477,"orthographic":false}