{"cameraMode":{"drawMode":0,"name":"Shaded","section":"Shading Mode"},"sceneLighting":false,"audioPlay":false,"sceneViewState":{"showFog":true,"showMaterialUpdate":false,"showSkybox":false,"showFlares":false,"showImageEffects":false,"showParticleSystems":false},"in2DMode":false,"pivot":{"x":193.1612548828125,"y":0.942256510257721,"z":155.1498565673828},"rotation":{"x":0.005829191766679287,"y":0.9894764423370361,"z":-0.04069676622748375,"w":0.14287881553173066},"size":0.3427582085132599,"orthographic":true}