{"cameraMode":{"drawMode":0,"name":"Shaded","section":"Shading Mode"},"sceneLighting":false,"audioPlay":false,"sceneViewState":{"showFog":true,"showMaterialUpdate":false,"showSkybox":false,"showFlares":true,"showImageEffects":true,"showParticleSystems":true},"in2DMode":false,"pivot":{"x":-19.111600875854493,"y":33.07300567626953,"z":-233.63006591796876},"rotation":{"x":0.006141435354948044,"y":-0.9647177457809448,"z":0.26232481002807619,"w":0.022576892748475076},"size":189.94834899902345,"orthographic":true}