{"cameraMode":{"drawMode":0,"name":"Shaded","section":"Shading Mode"},"sceneLighting":true,"audioPlay":false,"sceneViewState":{"showFog":false,"showMaterialUpdate":false,"showSkybox":false,"showFlares":false,"showImageEffects":false,"showParticleSystems":false},"in2DMode":false,"pivot":{"x":-258.64208984375,"y":11.472705841064454,"z":-189.12689208984376},"rotation":{"x":0.04005247727036476,"y":0.10913194715976715,"z":-0.011952598579227925,"w":0.9941083788871765},"size":11.192429542541504,"orthographic":false}