{"cameraMode":{"drawMode":0,"name":"Shaded","section":"Shading Mode"},"sceneLighting":true,"audioPlay":false,"sceneViewState":{"showFog":false,"showMaterialUpdate":false,"showSkybox":false,"showFlares":true,"showImageEffects":true,"showParticleSystems":true},"in2DMode":false,"pivot":{"x":2168.319580078125,"y":127.0771255493164,"z":2128.171875},"rotation":{"x":0.18531198799610139,"y":0.5988330245018005,"z":-0.14470688998699189,"w":0.7657472491264343},"size":1796.64501953125,"orthographic":false}