{"cameraMode":{"drawMode":0,"name":"Shaded","section":"Shading Mode"},"sceneLighting":false,"audioPlay":false,"sceneViewState":{"showFog":true,"showMaterialUpdate":false,"showSkybox":false,"showFlares":true,"showImageEffects":true,"showParticleSystems":true},"in2DMode":false,"pivot":{"x":-97.56999969482422,"y":-3.0399999618530275,"z":30.899999618530275},"rotation":{"x":-0.13454371690750123,"y":0.5778533220291138,"z":-0.09729532897472382,"w":-0.7990737557411194},"size":2.863302230834961,"orthographic":false}