{"cameraMode":{"drawMode":0,"name":"Shaded","section":"Shading Mode"},"sceneLighting":false,"audioPlay":false,"sceneViewState":{"showFog":true,"showMaterialUpdate":true,"showSkybox":true,"showFlares":true,"showImageEffects":true,"showParticleSystems":true},"in2DMode":false,"pivot":{"x":-26.82040786743164,"y":-105.966796875,"z":285.0747375488281},"rotation":{"x":0.018918346613645555,"y":0.9758349061012268,"z":-0.1773485541343689,"w":0.13299039006233216},"size":22.252660751342775,"orthographic":false}