{"cameraMode":{"drawMode":0,"name":"Shaded","section":"Shading Mode"},"sceneLighting":false,"audioPlay":false,"sceneViewState":{"showFog":false,"showMaterialUpdate":false,"showSkybox":false,"showFlares":false,"showImageEffects":false,"showParticleSystems":false},"in2DMode":false,"pivot":{"x":-106.22795867919922,"y":24.040390014648439,"z":-90.91039276123047},"rotation":{"x":-0.11969906091690064,"y":-0.812018096446991,"z":0.5423969030380249,"w":-0.1792009472846985},"size":273.1584167480469,"orthographic":true}