{"cameraMode":{"drawMode":0,"name":"Shaded","section":"Shading Mode"},"sceneLighting":false,"audioPlay":false,"sceneViewState":{"showFog":true,"showMaterialUpdate":false,"showSkybox":false,"showFlares":true,"showImageEffects":true,"showParticleSystems":true},"in2DMode":false,"pivot":{"x":-98.01165771484375,"y":-2.463111639022827,"z":30.445188522338868},"rotation":{"x":-0.270303875207901,"y":0.5775424242019653,"z":-0.2106970101594925,"w":-0.7409422397613525},"size":18.717844009399415,"orthographic":false}