{"cameraMode":{"drawMode":0,"name":"Shaded","section":"Shading Mode"},"sceneLighting":true,"audioPlay":false,"sceneViewState":{"showFog":true,"showMaterialUpdate":false,"showSkybox":true,"showFlares":true,"showImageEffects":true,"showParticleSystems":true},"in2DMode":false,"pivot":{"x":-32.87242126464844,"y":-102.77283477783203,"z":292.70001220703127},"rotation":{"x":-0.043676748871803287,"y":-0.5065277218818665,"z":-0.02568887732923031,"w":0.8607823848724365},"size":36.41517639160156,"orthographic":false}