{"cameraMode":{"drawMode":0,"name":"Shaded","section":"Shading Mode"},"sceneLighting":false,"audioPlay":false,"sceneViewState":{"showFog":true,"showMaterialUpdate":true,"showSkybox":true,"showFlares":true,"showImageEffects":true,"showParticleSystems":true},"in2DMode":false,"pivot":{"x":474.32000732421877,"y":127.96818542480469,"z":144.96018981933595},"rotation":{"x":-0.025406457483768464,"y":0.9358867406845093,"z":-0.06767932325601578,"w":-0.34679198265075686},"size":3.5800442695617677,"orthographic":true}