{"cameraMode":{"drawMode":0,"name":"Shaded","section":"Shading Mode"},"sceneLighting":false,"audioPlay":false,"sceneViewState":{"showFog":false,"showMaterialUpdate":false,"showSkybox":false,"showFlares":false,"showImageEffects":false,"showParticleSystems":false},"in2DMode":false,"pivot":{"x":-303.2478942871094,"y":-8.625072479248047,"z":-233.21189880371095},"rotation":{"x":-0.00998056959360838,"y":0.9759249091148377,"z":-0.21327970921993257,"w":-0.05111906677484512},"size":1.0831282138824463,"orthographic":true}