{"cameraMode":{"drawMode":0,"name":"Shaded","section":"Shading Mode"},"sceneLighting":false,"audioPlay":false,"sceneViewState":{"showFog":false,"showMaterialUpdate":false,"showSkybox":false,"showFlares":true,"showImageEffects":true,"showParticleSystems":true},"in2DMode":false,"pivot":{"x":994.328369140625,"y":507.553466796875,"z":11.170845985412598},"rotation":{"x":0.02818668819963932,"y":-0.014173139818012715,"z":-0.0006845854804851115,"w":-0.9997003674507141},"size":599.8068237304688,"orthographic":false}