{"cameraMode":{"drawMode":0,"name":"Shaded","section":"Shading Mode"},"sceneLighting":false,"audioPlay":false,"sceneViewState":{"showFog":true,"showMaterialUpdate":false,"showSkybox":false,"showFlares":true,"showImageEffects":true,"showParticleSystems":true},"in2DMode":false,"pivot":{"x":1005.8056640625,"y":538.9646606445313,"z":-10.697037696838379},"rotation":{"x":-0.027273626998066903,"y":-0.04886551946401596,"z":0.0013362332247197629,"w":-0.998434841632843},"size":1264.4578857421875,"orthographic":false}