{"cameraMode":{"drawMode":0,"name":"Shaded","section":"Shading Mode"},"sceneLighting":false,"audioPlay":false,"sceneViewState":{"showFog":false,"showMaterialUpdate":false,"showSkybox":false,"showFlares":false,"showImageEffects":false,"showParticleSystems":false},"in2DMode":false,"pivot":{"x":194.11074829101563,"y":0.4908188283443451,"z":148.73629760742188},"rotation":{"x":-0.05666094645857811,"y":0.5317507982254028,"z":-0.035489313304424289,"w":-0.8444176316261292},"size":26.97182846069336,"orthographic":true}