{"cameraMode":{"drawMode":0,"name":"Shaded","section":"Shading Mode"},"sceneLighting":false,"audioPlay":false,"sceneViewState":{"showFog":false,"showMaterialUpdate":false,"showSkybox":false,"showFlares":false,"showImageEffects":false,"showParticleSystems":false},"in2DMode":false,"pivot":{"x":-108.70533752441406,"y":-1.9730091094970704,"z":11.149641990661621},"rotation":{"x":0.39753443002700808,"y":-0.3842417597770691,"z":0.18724282085895539,"w":0.8123255968093872},"size":1.5220587253570557,"orthographic":false}