{"cameraMode":{"drawMode":0,"name":"Shaded","section":"Shading Mode"},"sceneLighting":false,"audioPlay":false,"sceneViewState":{"showFog":false,"showMaterialUpdate":false,"showSkybox":false,"showFlares":false,"showImageEffects":false,"showParticleSystems":false},"in2DMode":false,"pivot":{"x":429.80999755859377,"y":5.634087562561035,"z":125.06999969482422},"rotation":{"x":0.011251993477344513,"y":-0.1717010736465454,"z":0.0018311000894755126,"w":0.9852052927017212},"size":4.637574195861816,"orthographic":true}