{"cameraMode":{"drawMode":0,"name":"Shaded","section":"Shading Mode"},"sceneLighting":false,"audioPlay":false,"sceneViewState":{"showFog":false,"showMaterialUpdate":false,"showSkybox":false,"showFlares":true,"showImageEffects":true,"showParticleSystems":true},"in2DMode":false,"pivot":{"x":-300.12799072265627,"y":-5.490575790405273,"z":-234.1298828125},"rotation":{"x":0.07886047661304474,"y":-0.7469679713249207,"z":0.08854226022958756,"w":0.6546862125396729},"size":1.7131109237670899,"orthographic":false}