{"cameraMode":{"drawMode":0,"name":"Shaded","section":"Shading Mode"},"sceneLighting":false,"audioPlay":false,"sceneViewState":{"showFog":false,"showMaterialUpdate":false,"showSkybox":false,"showFlares":true,"showImageEffects":true,"showParticleSystems":true},"in2DMode":false,"pivot":{"x":-109.48639678955078,"y":160.07081604003907,"z":43.74859619140625},"rotation":{"x":0.050232283771038058,"y":-0.8810164332389832,"z":0.09741798043251038,"w":0.4605191946029663},"size":6.433035373687744,"orthographic":false}