{"cameraMode":{"drawMode":0,"name":"Shaded","section":"Shading Mode"},"sceneLighting":true,"audioPlay":false,"sceneViewState":{"showFog":false,"showMaterialUpdate":false,"showSkybox":false,"showFlares":true,"showImageEffects":true,"showParticleSystems":true},"in2DMode":false,"pivot":{"x":-162.1061553955078,"y":-82.51959228515625,"z":384.9158020019531},"rotation":{"x":-0.501526415348053,"y":0.49276137351989748,"z":-0.44570085406303408,"w":-0.5544525384902954},"size":500.3409729003906,"orthographic":false}