{"cameraMode":{"drawMode":0,"name":"Shaded","section":"Shading Mode"},"sceneLighting":false,"audioPlay":false,"sceneViewState":{"showFog":true,"showMaterialUpdate":true,"showSkybox":false,"showFlares":true,"showImageEffects":true,"showParticleSystems":true},"in2DMode":false,"pivot":{"x":-5.13618278503418,"y":16.031641006469728,"z":-13.873855590820313},"rotation":{"x":0.04774843156337738,"y":-0.9251099824905396,"z":0.10899294167757034,"w":0.36281654238700869},"size":2.8942818641662599,"orthographic":false}