{"cameraMode":{"drawMode":0,"name":"Shaded","section":"Shading Mode"},"sceneLighting":false,"audioPlay":false,"sceneViewState":{"showFog":true,"showMaterialUpdate":false,"showSkybox":false,"showFlares":false,"showImageEffects":false,"showParticleSystems":false},"in2DMode":false,"pivot":{"x":-4.33981990814209,"y":-20.58713722229004,"z":11.536050796508789},"rotation":{"x":-0.24257208406925202,"y":-0.5238217115402222,"z":0.15988032519817353,"w":-0.8014564514160156},"size":15.446243286132813,"orthographic":true}