{"cameraMode":{"drawMode":0,"name":"Shaded","section":"Shading Mode"},"sceneLighting":false,"audioPlay":false,"sceneViewState":{"showFog":true,"showMaterialUpdate":false,"showSkybox":false,"showFlares":false,"showImageEffects":false,"showParticleSystems":false},"in2DMode":false,"pivot":{"x":193.1612548828125,"y":0.942256510257721,"z":155.1498565673828},"rotation":{"x":0.002577016595751047,"y":-0.9983053803443909,"z":0.042534708976745608,"w":0.05222605541348457},"size":0.47291964292526247,"orthographic":true}