{"cameraMode":{"drawMode":0,"name":"Shaded","section":"Shading Mode"},"sceneLighting":false,"audioPlay":false,"sceneViewState":{"showFog":false,"showMaterialUpdate":false,"showSkybox":false,"showFlares":true,"showImageEffects":true,"showParticleSystems":true},"in2DMode":false,"pivot":{"x":3.3525125980377199,"y":-26.230571746826173,"z":-2.4279415607452394},"rotation":{"x":0.1015835627913475,"y":-0.8947550654411316,"z":0.25483155250549319,"w":0.3532201647758484},"size":57.815799713134769,"orthographic":false}