{"cameraMode":{"drawMode":0,"name":"Shaded","section":"Shading Mode"},"sceneLighting":false,"audioPlay":false,"sceneViewState":{"showFog":false,"showMaterialUpdate":false,"showSkybox":false,"showFlares":false,"showImageEffects":false,"showParticleSystems":false},"in2DMode":false,"pivot":{"x":-0.059999942779541019,"y":4.889999866485596,"z":18.489999771118165},"rotation":{"x":-0.03161596134305,"y":0.7863779664039612,"z":-0.04038332402706146,"w":-0.6156200766563416},"size":8.439682006835938,"orthographic":false}