{"cameraMode":{"drawMode":0,"name":"Shaded","section":"Shading Mode"},"sceneLighting":true,"audioPlay":false,"sceneViewState":{"showFog":false,"showMaterialUpdate":false,"showSkybox":false,"showFlares":true,"showImageEffects":true,"showParticleSystems":true},"in2DMode":false,"pivot":{"x":489.8345031738281,"y":136.96530151367188,"z":89.16777038574219},"rotation":{"x":0.009247681125998497,"y":-0.9705305099487305,"z":-0.03604353591799736,"w":-0.24048250913619996},"size":38.2994270324707,"orthographic":false}