{"cameraMode":{"drawMode":0,"name":"Shaded","section":"Shading Mode"},"sceneLighting":false,"audioPlay":false,"sceneViewState":{"showFog":true,"showMaterialUpdate":true,"showSkybox":false,"showFlares":true,"showImageEffects":true,"showParticleSystems":true},"in2DMode":false,"pivot":{"x":-3.1644697189331056,"y":4.786341190338135,"z":21.173315048217775},"rotation":{"x":0.032033272087574008,"y":-0.8910863399505615,"z":0.06480496376752854,"w":0.44947385787963869},"size":1.7279051542282105,"orthographic":false}