{"cameraMode":{"drawMode":0,"name":"Shaded","section":"Shading Mode"},"sceneLighting":false,"audioPlay":false,"sceneViewState":{"showFog":true,"showMaterialUpdate":false,"showSkybox":false,"showFlares":true,"showImageEffects":true,"showParticleSystems":true},"in2DMode":false,"pivot":{"x":0.00023618526756763458,"y":0.025229070335626603,"z":0.007614525035023689},"rotation":{"x":-0.01315448060631752,"y":-0.9766054749488831,"z":0.20541000366210938,"w":-0.06247962266206741},"size":3.0360193252563478,"orthographic":false}