{"cameraMode":{"drawMode":0,"name":"Shaded","section":"Shading Mode"},"sceneLighting":true,"audioPlay":false,"sceneViewState":{"showFog":false,"showMaterialUpdate":false,"showSkybox":false,"showFlares":true,"showImageEffects":true,"showParticleSystems":true},"in2DMode":false,"pivot":{"x":-124.69712829589844,"y":-5.053470134735107,"z":18.22437858581543},"rotation":{"x":-0.05318968743085861,"y":0.552528440952301,"z":-0.03430061414837837,"w":-0.8314532041549683},"size":9.967132568359375,"orthographic":false}