{"cameraMode":{"drawMode":0,"name":"Shaded","section":"Shading Mode"},"sceneLighting":true,"audioPlay":false,"sceneViewState":{"showFog":false,"showMaterialUpdate":false,"showSkybox":false,"showFlares":false,"showImageEffects":false,"showParticleSystems":false},"in2DMode":false,"pivot":{"x":474.32000732421877,"y":127.96818542480469,"z":144.96018981933595},"rotation":{"x":-0.03749682009220123,"y":0.1370725780725479,"z":-0.004942391067743301,"w":-0.9905412793159485},"size":6.640997886657715,"orthographic":true}