{"cameraMode":{"drawMode":0,"name":"Shaded","section":"Shading Mode"},"sceneLighting":false,"audioPlay":false,"sceneViewState":{"showFog":false,"showMaterialUpdate":false,"showSkybox":false,"showFlares":false,"showImageEffects":false,"showParticleSystems":false},"in2DMode":false,"pivot":{"x":-14.729999542236329,"y":0.029999997466802598,"z":11.369999885559082},"rotation":{"x":0.04557006433606148,"y":0.953924298286438,"z":-0.19380033016204835,"w":0.22506825625896455},"size":1.7705931663513184,"orthographic":true}