{"cameraMode":{"drawMode":0,"name":"Shaded","section":"Shading Mode"},"sceneLighting":true,"audioPlay":false,"sceneViewState":{"showFog":true,"showMaterialUpdate":true,"showSkybox":false,"showFlares":true,"showImageEffects":true,"showParticleSystems":true},"in2DMode":false,"pivot":{"x":-0.040102213621139529,"y":1.7691072225570679,"z":0.015698745846748353},"rotation":{"x":0.13000284135341645,"y":0.05901565030217171,"z":-0.017942721024155618,"w":0.9907113313674927},"size":0.21333879232406617,"orthographic":false}