{"cameraMode":{"drawMode":0,"name":"Shaded","section":"Shading Mode"},"sceneLighting":false,"audioPlay":false,"sceneViewState":{"showFog":true,"showMaterialUpdate":false,"showSkybox":false,"showFlares":true,"showImageEffects":true,"showParticleSystems":true},"in2DMode":false,"pivot":{"x":-27.091552734375,"y":15.842313766479493,"z":5.604766845703125},"rotation":{"x":0.012835811823606491,"y":-0.9836158752441406,"z":0.1622685194015503,"w":0.07776664942502976},"size":49.8277587890625,"orthographic":true}