{"cameraMode":{"drawMode":0,"name":"Shaded","section":"Shading Mode"},"sceneLighting":false,"audioPlay":false,"sceneViewState":{"showFog":false,"showMaterialUpdate":false,"showSkybox":false,"showFlares":false,"showImageEffects":false,"showParticleSystems":false},"in2DMode":false,"pivot":{"x":-2.3499999046325685,"y":1.0900001525878907,"z":32.43000030517578},"rotation":{"x":0.06271155178546906,"y":-0.8408212661743164,"z":0.0995304137468338,"w":0.5286030173301697},"size":1.2247449159622193,"orthographic":true}