{"cameraMode":{"drawMode":0,"name":"Shaded","section":"Shading Mode"},"sceneLighting":false,"audioPlay":false,"sceneViewState":{"showFog":true,"showMaterialUpdate":true,"showSkybox":false,"showFlares":true,"showImageEffects":true,"showParticleSystems":true},"in2DMode":false,"pivot":{"x":398.9543151855469,"y":11.128018379211426,"z":155.78330993652345},"rotation":{"x":0.02115437015891075,"y":0.39290329813957217,"z":0.01393099408596754,"w":-0.9201403260231018},"size":32.79110336303711,"orthographic":false}