{"cameraMode":{"drawMode":0,"name":"Shaded","section":"Shading Mode"},"sceneLighting":false,"audioPlay":false,"sceneViewState":{"showFog":true,"showMaterialUpdate":false,"showSkybox":false,"showFlares":true,"showImageEffects":true,"showParticleSystems":true},"in2DMode":false,"pivot":{"x":0.00023618526756763458,"y":0.023524079471826555,"z":0.009790688753128052},"rotation":{"x":0.02251831628382206,"y":-0.9771538972854614,"z":0.1360194832086563,"w":0.16181501746177674},"size":3.333760976791382,"orthographic":false}