{"cameraMode":{"drawMode":0,"name":"Shaded","section":"Shading Mode"},"sceneLighting":true,"audioPlay":false,"sceneViewState":{"showFog":false,"showMaterialUpdate":false,"showSkybox":false,"showFlares":true,"showImageEffects":true,"showParticleSystems":true},"in2DMode":false,"pivot":{"x":-62.62186813354492,"y":7.060274600982666,"z":10.054309844970704},"rotation":{"x":0.007727418560534716,"y":-0.9939834475517273,"z":0.0793970450758934,"w":0.08184979856014252},"size":12.43403148651123,"orthographic":false}