{"cameraMode":{"drawMode":0,"name":"Shaded","section":"Shading Mode"},"sceneLighting":true,"audioPlay":false,"sceneViewState":{"showFog":false,"showMaterialUpdate":false,"showSkybox":false,"showFlares":true,"showImageEffects":true,"showParticleSystems":true},"in2DMode":false,"pivot":{"x":1215.7890625,"y":46.20062255859375,"z":1142.24609375},"rotation":{"x":-0.055085718631744388,"y":-0.8344029188156128,"z":0.08424237370491028,"w":-0.5421532988548279},"size":2405.219482421875,"orthographic":false}