{"cameraMode":{"drawMode":0,"name":"Shaded","section":"Shading Mode"},"sceneLighting":false,"audioPlay":false,"sceneViewState":{"showFog":true,"showMaterialUpdate":true,"showSkybox":false,"showFlares":true,"showImageEffects":true,"showParticleSystems":true},"in2DMode":false,"pivot":{"x":473.8992004394531,"y":129.77810668945313,"z":148.41226196289063},"rotation":{"x":-0.1385808140039444,"y":0.6661327481269836,"z":-0.12748825550079347,"w":-0.7226047515869141},"size":5.082839012145996,"orthographic":true}