{"cameraMode":{"drawMode":0,"name":"Shaded","section":"Shading Mode"},"sceneLighting":false,"audioPlay":false,"sceneViewState":{"showFog":false,"showMaterialUpdate":false,"showSkybox":false,"showFlares":true,"showImageEffects":true,"showParticleSystems":true},"in2DMode":false,"pivot":{"x":-188.44244384765626,"y":134.56015014648438,"z":-603.5503540039063},"rotation":{"x":-0.12981192767620088,"y":-0.8449736833572388,"z":0.4602358043193817,"w":-0.24168677628040315},"size":27.845918655395509,"orthographic":false}