{"cameraMode":{"drawMode":0,"name":"Shaded","section":"Shading Mode"},"sceneLighting":false,"audioPlay":false,"sceneViewState":{"showFog":false,"showMaterialUpdate":false,"showSkybox":false,"showFlares":false,"showImageEffects":false,"showParticleSystems":false},"in2DMode":false,"pivot":{"x":196.83999633789063,"y":0.18299999833106996,"z":150.4600067138672},"rotation":{"x":-0.09714656323194504,"y":0.82373046875,"z":-0.14945119619369508,"w":-0.5393376350402832},"size":38.335166931152347,"orthographic":true}