{"cameraMode":{"drawMode":0,"name":"Shaded","section":"Shading Mode"},"sceneLighting":false,"audioPlay":false,"sceneViewState":{"showFog":true,"showMaterialUpdate":true,"showSkybox":true,"showFlares":true,"showImageEffects":true,"showParticleSystems":true},"in2DMode":false,"pivot":{"x":474.32000732421877,"y":127.96818542480469,"z":144.96018981933595},"rotation":{"x":-0.023774266242980958,"y":0.9766762852668762,"z":-0.1404186189174652,"w":-0.16494737565517426},"size":6.7866034507751469,"orthographic":true}