{"cameraMode":{"drawMode":0,"name":"Shaded","section":"Shading Mode"},"sceneLighting":false,"audioPlay":false,"sceneViewState":{"showFog":false,"showMaterialUpdate":false,"showSkybox":false,"showFlares":false,"showImageEffects":false,"showParticleSystems":false},"in2DMode":false,"pivot":{"x":-297.7069396972656,"y":-1.0342057943344117,"z":-234.7827911376953},"rotation":{"x":0.12767276167869569,"y":-0.07729949057102204,"z":0.009892739355564118,"w":0.9888235330581665},"size":11.587682723999024,"orthographic":true}