{"cameraMode":{"drawMode":0,"name":"Shaded","section":"Shading Mode"},"sceneLighting":true,"audioPlay":false,"sceneViewState":{"showFog":false,"showMaterialUpdate":false,"showSkybox":false,"showFlares":true,"showImageEffects":true,"showParticleSystems":true},"in2DMode":false,"pivot":{"x":-50.07943344116211,"y":-67.6249771118164,"z":227.03028869628907},"rotation":{"x":-0.00183303898666054,"y":-0.19006004929542542,"z":0.00004733014793600887,"w":-0.9819702506065369},"size":390.25042724609377,"orthographic":false}