{"cameraMode":{"drawMode":0,"name":"Shaded","section":"Shading Mode"},"sceneLighting":false,"audioPlay":false,"sceneViewState":{"showFog":false,"showMaterialUpdate":false,"showSkybox":false,"showFlares":true,"showImageEffects":true,"showParticleSystems":true},"in2DMode":false,"pivot":{"x":-326.382568359375,"y":-7.60306978225708,"z":-197.04554748535157},"rotation":{"x":0.02220938727259636,"y":-0.4448924958705902,"z":0.009940444491803646,"w":0.8956042528152466},"size":6.784829139709473,"orthographic":false}