{"cameraMode":{"drawMode":0,"name":"Shaded","section":"Shading Mode"},"sceneLighting":true,"audioPlay":false,"sceneViewState":{"showFog":false,"showMaterialUpdate":false,"showSkybox":false,"showFlares":true,"showImageEffects":true,"showParticleSystems":true},"in2DMode":false,"pivot":{"x":2137.019287109375,"y":-68.25300598144531,"z":1785.557373046875},"rotation":{"x":-0.2856881320476532,"y":-0.03258021920919418,"z":0.011552579700946808,"w":-0.958251416683197},"size":25.930288314819337,"orthographic":false}