{"cameraMode":{"drawMode":0,"name":"Shaded","section":"Shading Mode"},"sceneLighting":false,"audioPlay":false,"sceneViewState":{"showFog":false,"showMaterialUpdate":false,"showSkybox":false,"showFlares":false,"showImageEffects":false,"showParticleSystems":false},"in2DMode":false,"pivot":{"x":453.89990234375,"y":125.44000244140625,"z":157.62490844726563},"rotation":{"x":0.1815018355846405,"y":-0.5806311964988709,"z":0.13576063513755799,"w":0.7822216749191284},"size":7.149051666259766,"orthographic":true}