{"cameraMode":{"drawMode":0,"name":"Shaded","section":"Shading Mode"},"sceneLighting":false,"audioPlay":false,"sceneViewState":{"showFog":false,"showMaterialUpdate":false,"showSkybox":false,"showFlares":false,"showImageEffects":false,"showParticleSystems":false},"in2DMode":false,"pivot":{"x":506.28546142578127,"y":131.453369140625,"z":182.74830627441407},"rotation":{"x":0.05152622610330582,"y":0.8939031958580017,"z":-0.10675745457410813,"w":0.43253573775291445},"size":1557.0048828125,"orthographic":false}