{"cameraMode":{"drawMode":0,"name":"Shaded","section":"Shading Mode"},"sceneLighting":false,"audioPlay":false,"sceneViewState":{"showFog":false,"showMaterialUpdate":false,"showSkybox":false,"showFlares":false,"showImageEffects":false,"showParticleSystems":false},"in2DMode":false,"pivot":{"x":-299.0819396972656,"y":-7.043680191040039,"z":-247.06040954589845},"rotation":{"x":0.04808106645941734,"y":-0.30089861154556277,"z":0.015049003064632416,"w":0.9524030685424805},"size":1265.594970703125,"orthographic":true}