{"cameraMode":{"drawMode":0,"name":"Shaded","section":"Shading Mode"},"sceneLighting":false,"audioPlay":false,"sceneViewState":{"showFog":true,"showMaterialUpdate":true,"showSkybox":false,"showFlares":true,"showImageEffects":true,"showParticleSystems":true},"in2DMode":false,"pivot":{"x":453.79998779296877,"y":126.62000274658203,"z":126.0},"rotation":{"x":0.23274706304073335,"y":-0.7468833923339844,"z":0.3270719349384308,"w":0.5313006043434143},"size":5.456947326660156,"orthographic":false}