{"cameraMode":{"drawMode":0,"name":"Shaded","section":"Shading Mode"},"sceneLighting":false,"audioPlay":false,"sceneViewState":{"showFog":true,"showMaterialUpdate":false,"showSkybox":false,"showFlares":false,"showImageEffects":false,"showParticleSystems":false},"in2DMode":false,"pivot":{"x":0.013073505833745003,"y":0.04376273602247238,"z":-0.044264502823352817},"rotation":{"x":0.2072666883468628,"y":-0.7539902925491333,"z":0.27881714701652529,"w":0.5585312843322754},"size":0.03193257749080658,"orthographic":true}