{"cameraMode":{"drawMode":0,"name":"Shaded","section":"Shading Mode"},"sceneLighting":true,"audioPlay":false,"sceneViewState":{"showFog":false,"showMaterialUpdate":false,"showSkybox":false,"showFlares":false,"showImageEffects":false,"showParticleSystems":false},"in2DMode":false,"pivot":{"x":-25.60967254638672,"y":16.85704803466797,"z":346.84332275390627},"rotation":{"x":0.1494792103767395,"y":0.7340294718742371,"z":-0.6399112343788147,"w":0.17148327827453614},"size":125.26077270507813,"orthographic":true}