{"cameraMode":{"drawMode":0,"name":"Shaded","section":"Shading Mode"},"sceneLighting":false,"audioPlay":false,"sceneViewState":{"showFog":false,"showMaterialUpdate":false,"showSkybox":false,"showFlares":false,"showImageEffects":false,"showParticleSystems":false},"in2DMode":false,"pivot":{"x":422.6408386230469,"y":5.651368618011475,"z":138.8093719482422},"rotation":{"x":-0.1470048427581787,"y":0.28011929988861086,"z":-0.04345332086086273,"w":-0.947655975818634},"size":26.440263748168947,"orthographic":true}