{"cameraMode":{"drawMode":0,"name":"Shaded","section":"Shading Mode"},"sceneLighting":false,"audioPlay":false,"sceneViewState":{"showFog":false,"showMaterialUpdate":false,"showSkybox":false,"showFlares":false,"showImageEffects":false,"showParticleSystems":false},"in2DMode":false,"pivot":{"x":192.2975616455078,"y":0.5698838233947754,"z":159.26077270507813},"rotation":{"x":0.14568877220153809,"y":-0.6469029188156128,"z":0.127755805850029,"w":0.7375648617744446},"size":16.239580154418947,"orthographic":true}