{"cameraMode":{"drawMode":0,"name":"Shaded","section":"Shading Mode"},"sceneLighting":false,"audioPlay":false,"sceneViewState":{"showFog":false,"showMaterialUpdate":false,"showSkybox":false,"showFlares":true,"showImageEffects":true,"showParticleSystems":true},"in2DMode":false,"pivot":{"x":-110.18281555175781,"y":-1.4907760620117188,"z":12.859480857849121},"rotation":{"x":0.09392841160297394,"y":0.4846004247665405,"z":-0.053571898490190509,"w":0.8683618903160095},"size":5.142923831939697,"orthographic":true}