{"cameraMode":{"drawMode":0,"name":"Shaded","section":"Shading Mode"},"sceneLighting":false,"audioPlay":false,"sceneViewState":{"showFog":false,"showMaterialUpdate":false,"showSkybox":false,"showFlares":false,"showImageEffects":false,"showParticleSystems":false},"in2DMode":false,"pivot":{"x":0.10096663236618042,"y":0.637836754322052,"z":0.015529889613389969},"rotation":{"x":-0.0097287492826581,"y":-0.991053581237793,"z":0.1109723225235939,"w":-0.07638254761695862},"size":9.891220092773438,"orthographic":true}