{"cameraMode":{"drawMode":0,"name":"Shaded","section":"Shading Mode"},"sceneLighting":false,"audioPlay":false,"sceneViewState":{"showFog":true,"showMaterialUpdate":false,"showSkybox":false,"showFlares":true,"showImageEffects":true,"showParticleSystems":true},"in2DMode":false,"pivot":{"x":-97.31752014160156,"y":-2.4950366020202638,"z":28.94493293762207},"rotation":{"x":-0.11039023846387863,"y":0.6247755885124207,"z":-0.0898362472653389,"w":-0.7677283883094788},"size":19.286588668823243,"orthographic":false}