{"cameraMode":{"drawMode":0,"name":"Shaded","section":"Shading Mode"},"sceneLighting":false,"audioPlay":false,"sceneViewState":{"showFog":true,"showMaterialUpdate":true,"showSkybox":true,"showFlares":true,"showImageEffects":true,"showParticleSystems":true},"in2DMode":false,"pivot":{"x":193.03306579589845,"y":0.4421325623989105,"z":155.43930053710938},"rotation":{"x":0.13450177013874055,"y":-0.5545233488082886,"z":0.08767343312501908,"w":0.8175615668296814},"size":8.716891288757325,"orthographic":false}