{"cameraMode":{"drawMode":0,"name":"Shaded","section":"Shading Mode"},"sceneLighting":false,"audioPlay":false,"sceneViewState":{"showFog":true,"showMaterialUpdate":false,"showSkybox":false,"showFlares":true,"showImageEffects":true,"showParticleSystems":true},"in2DMode":false,"pivot":{"x":1760.4312744140625,"y":394.99090576171877,"z":-71.59668731689453},"rotation":{"x":-0.0063048056326806549,"y":0.039585769176483157,"z":-0.0002494074869900942,"w":-0.9992005228996277},"size":662.9911499023438,"orthographic":false}