{"cameraMode":{"drawMode":0,"name":"Shaded","section":"Shading Mode"},"sceneLighting":true,"audioPlay":false,"sceneViewState":{"showFog":false,"showMaterialUpdate":false,"showSkybox":false,"showFlares":false,"showImageEffects":false,"showParticleSystems":false},"in2DMode":false,"pivot":{"x":192.8363800048828,"y":3.9579193592071535,"z":153.4967498779297},"rotation":{"x":-0.176613450050354,"y":0.45077961683273318,"z":-0.090041384100914,"w":-0.8706743121147156},"size":4.77389669418335,"orthographic":true}