{"cameraMode":{"drawMode":0,"name":"Shaded","section":"Shading Mode"},"sceneLighting":false,"audioPlay":false,"sceneViewState":{"showFog":true,"showMaterialUpdate":false,"showSkybox":false,"showFlares":true,"showImageEffects":true,"showParticleSystems":true},"in2DMode":false,"pivot":{"x":0.06000000610947609,"y":0.0246018897742033,"z":-0.10519999265670777},"rotation":{"x":0.13827046751976014,"y":-0.3520109951496124,"z":0.05265592411160469,"w":0.9242517352104187},"size":0.015613270923495293,"orthographic":true}