{"cameraMode":{"drawMode":0,"name":"Shaded","section":"Shading Mode"},"sceneLighting":false,"audioPlay":false,"sceneViewState":{"showFog":true,"showMaterialUpdate":true,"showSkybox":false,"showFlares":true,"showImageEffects":true,"showParticleSystems":true},"in2DMode":false,"pivot":{"x":431.5,"y":7.4648566246032719,"z":130.38108825683595},"rotation":{"x":0.06588616967201233,"y":0.21380425989627839,"z":0.018914204090833665,"w":-0.9753150343894959},"size":12.07992172241211,"orthographic":false}