{"cameraMode":{"drawMode":0,"name":"Shaded","section":"Shading Mode"},"sceneLighting":true,"audioPlay":false,"sceneViewState":{"showFog":true,"showMaterialUpdate":true,"showSkybox":true,"showFlares":true,"showImageEffects":true,"showParticleSystems":true},"in2DMode":false,"pivot":{"x":459.2498474121094,"y":126.05134582519531,"z":145.3592529296875},"rotation":{"x":-0.0649649128317833,"y":0.7680181860923767,"z":-0.07888927310705185,"w":-0.633292555809021},"size":13.800457000732422,"orthographic":false}