{"cameraMode":{"drawMode":0,"name":"Shaded","section":"Shading Mode"},"sceneLighting":false,"audioPlay":false,"sceneViewState":{"showFog":false,"showMaterialUpdate":false,"showSkybox":false,"showFlares":true,"showImageEffects":true,"showParticleSystems":true},"in2DMode":false,"pivot":{"x":3.603858709335327,"y":-75.38275909423828,"z":138.43118286132813},"rotation":{"x":0.04342645779252052,"y":0.5667440295219421,"z":-0.03002280928194523,"w":0.8224524259567261},"size":321.7406311035156,"orthographic":false}