{"cameraMode":{"drawMode":0,"name":"Shaded","section":"Shading Mode"},"sceneLighting":false,"audioPlay":false,"sceneViewState":{"showFog":true,"showMaterialUpdate":true,"showSkybox":false,"showFlares":true,"showImageEffects":true,"showParticleSystems":true},"in2DMode":false,"pivot":{"x":-5.487453460693359,"y":16.012882232666017,"z":-13.894844055175782},"rotation":{"x":0.04356647655367851,"y":-0.8011480569839478,"z":0.0505911186337471,"w":0.5960929989814758},"size":1.8373067378997803,"orthographic":false}