{"cameraMode":{"drawMode":0,"name":"Shaded","section":"Shading Mode"},"sceneLighting":false,"audioPlay":false,"sceneViewState":{"showFog":true,"showMaterialUpdate":true,"showSkybox":true,"showFlares":true,"showImageEffects":true,"showParticleSystems":true},"in2DMode":false,"pivot":{"x":197.8194122314453,"y":4.056821346282959,"z":147.85740661621095},"rotation":{"x":-0.07320606708526612,"y":0.08609841018915177,"z":-0.00594666600227356,"w":-0.9937366247177124},"size":4.774332523345947,"orthographic":true}