{"cameraMode":{"drawMode":0,"name":"Shaded","section":"Shading Mode"},"sceneLighting":false,"audioPlay":false,"sceneViewState":{"showFog":false,"showMaterialUpdate":false,"showSkybox":false,"showFlares":false,"showImageEffects":false,"showParticleSystems":false},"in2DMode":false,"pivot":{"x":428.4886169433594,"y":4.621288299560547,"z":129.59222412109376},"rotation":{"x":0.023104438558220865,"y":0.2163231372833252,"z":0.005237862467765808,"w":-0.9760821461677551},"size":10.096118927001954,"orthographic":false}