{"cameraMode":{"drawMode":0,"name":"Shaded","section":"Shading Mode"},"sceneLighting":false,"audioPlay":false,"sceneViewState":{"showFog":true,"showMaterialUpdate":true,"showSkybox":true,"showFlares":true,"showImageEffects":true,"showParticleSystems":true},"in2DMode":false,"pivot":{"x":474.32000732421877,"y":127.96818542480469,"z":144.96018981933595},"rotation":{"x":-0.04099322110414505,"y":0.9209546446800232,"z":-0.10009773075580597,"w":-0.37620285153388979},"size":4.125092506408691,"orthographic":true}