{"cameraMode":{"drawMode":0,"name":"Shaded","section":"Shading Mode"},"sceneLighting":false,"audioPlay":false,"sceneViewState":{"showFog":false,"showMaterialUpdate":false,"showSkybox":false,"showFlares":false,"showImageEffects":false,"showParticleSystems":false},"in2DMode":false,"pivot":{"x":196.28627014160157,"y":0.6175534129142761,"z":147.7774658203125},"rotation":{"x":-0.050433482974767688,"y":0.5294641256332398,"z":-0.031328100711107257,"w":-0.8464109897613525},"size":0.9953848719596863,"orthographic":true}