{"cameraMode":{"drawMode":0,"name":"Shaded","section":"Shading Mode"},"sceneLighting":true,"audioPlay":false,"sceneViewState":{"showFog":true,"showMaterialUpdate":true,"showSkybox":true,"showFlares":true,"showImageEffects":true,"showParticleSystems":true},"in2DMode":false,"pivot":{"x":430.1944274902344,"y":2.0610809326171877,"z":134.7155303955078},"rotation":{"x":0.06841378659009934,"y":-0.0783129408955574,"z":-0.0012739336816594005,"w":0.9955874681472778},"size":8.665209770202637,"orthographic":false}