{"cameraMode":{"drawMode":0,"name":"Shaded","section":"Shading Mode"},"sceneLighting":false,"audioPlay":false,"sceneViewState":{"showFog":true,"showMaterialUpdate":false,"showSkybox":false,"showFlares":true,"showImageEffects":true,"showParticleSystems":true},"in2DMode":false,"pivot":{"x":708.2066040039063,"y":567.2520751953125,"z":-32.27417755126953},"rotation":{"x":0.08508774638175965,"y":-0.0009002062142826617,"z":-0.00007557286880910397,"w":-0.9963788390159607},"size":1286.4932861328125,"orthographic":false}