{"cameraMode":{"drawMode":0,"name":"Shaded","section":"Shading Mode"},"sceneLighting":false,"audioPlay":false,"sceneViewState":{"showFog":true,"showMaterialUpdate":true,"showSkybox":true,"showFlares":true,"showImageEffects":true,"showParticleSystems":true},"in2DMode":false,"pivot":{"x":185.08999633789063,"y":0.1899999976158142,"z":156.35000610351563},"rotation":{"x":0.10205864161252976,"y":-0.6607608199119568,"z":0.08435046672821045,"w":0.7400074005126953},"size":3.0770702362060549,"orthographic":false}