{"cameraMode":{"drawMode":0,"name":"Shaded","section":"Shading Mode"},"sceneLighting":false,"audioPlay":false,"sceneViewState":{"showFog":false,"showMaterialUpdate":false,"showSkybox":false,"showFlares":true,"showImageEffects":true,"showParticleSystems":true},"in2DMode":false,"pivot":{"x":1760.4312744140625,"y":394.99090576171877,"z":-71.59668731689453},"rotation":{"x":0.012895263731479645,"y":-0.9849468469619751,"z":-0.15009355545043946,"w":-0.08706078678369522},"size":62.22820281982422,"orthographic":false}