{"cameraMode":{"drawMode":0,"name":"Shaded","section":"Shading Mode"},"sceneLighting":true,"audioPlay":false,"sceneViewState":{"showFog":false,"showMaterialUpdate":false,"showSkybox":false,"showFlares":true,"showImageEffects":true,"showParticleSystems":true},"in2DMode":false,"pivot":{"x":-370.9012145996094,"y":-75.58639526367188,"z":-432.9580993652344},"rotation":{"x":-0.0022867887746542694,"y":0.9975586533546448,"z":-0.05424271523952484,"w":-0.04678340628743172},"size":579.5001831054688,"orthographic":false}