{"cameraMode":{"drawMode":0,"name":"Shaded","section":"Shading Mode"},"sceneLighting":false,"audioPlay":false,"sceneViewState":{"showFog":false,"showMaterialUpdate":false,"showSkybox":false,"showFlares":true,"showImageEffects":true,"showParticleSystems":true},"in2DMode":false,"pivot":{"x":-1350.763427734375,"y":1452.385498046875,"z":-2296.170654296875},"rotation":{"x":0.7849361300468445,"y":-0.2146209478378296,"z":-0.4373041093349457,"w":-0.3837757706642151},"size":1737.758544921875,"orthographic":false}