{"cameraMode":{"drawMode":0,"name":"Shaded","section":"Shading Mode"},"sceneLighting":false,"audioPlay":false,"sceneViewState":{"showFog":false,"showMaterialUpdate":false,"showSkybox":false,"showFlares":true,"showImageEffects":true,"showParticleSystems":true},"in2DMode":false,"pivot":{"x":1389.597900390625,"y":449.3214111328125,"z":-2.65966796875},"rotation":{"x":0.13746649026870728,"y":-0.23884713649749757,"z":-0.0345485620200634,"w":-0.9608621597290039},"size":1099.7689208984375,"orthographic":false}