{"cameraMode":{"drawMode":0,"name":"Shaded","section":"Shading Mode"},"sceneLighting":false,"audioPlay":false,"sceneViewState":{"showFog":true,"showMaterialUpdate":false,"showSkybox":false,"showFlares":false,"showImageEffects":false,"showParticleSystems":false},"in2DMode":false,"pivot":{"x":-0.01827344298362732,"y":0.47468262910842898,"z":-0.04195079207420349},"rotation":{"x":-0.11843306571245194,"y":-0.07900067418813706,"z":0.010401004925370217,"w":-0.9903274178504944},"size":0.4833097457885742,"orthographic":true}