{"cameraMode":{"drawMode":0,"name":"Shaded","section":"Shading Mode"},"sceneLighting":false,"audioPlay":false,"sceneViewState":{"showFog":true,"showMaterialUpdate":false,"showSkybox":false,"showFlares":true,"showImageEffects":true,"showParticleSystems":true},"in2DMode":false,"pivot":{"x":-156.8759307861328,"y":-79.26020050048828,"z":339.7799987792969},"rotation":{"x":-0.03792422637343407,"y":0.7877639532089233,"z":-0.048758577555418017,"w":-0.6129003763198853},"size":47.64291763305664,"orthographic":false}