{"cameraMode":{"drawMode":0,"name":"Shaded","section":"Shading Mode"},"sceneLighting":false,"audioPlay":false,"sceneViewState":{"showFog":false,"showMaterialUpdate":false,"showSkybox":false,"showFlares":false,"showImageEffects":false,"showParticleSystems":false},"in2DMode":false,"pivot":{"x":-4.700004577636719,"y":2.5160000324249269,"z":40.198001861572269},"rotation":{"x":0.07816008478403092,"y":-0.7821983098983765,"z":0.10079662501811981,"w":0.6110027432441711},"size":88.63219451904297,"orthographic":false}