{"cameraMode":{"drawMode":0,"name":"Shaded","section":"Shading Mode"},"sceneLighting":false,"audioPlay":false,"sceneViewState":{"showFog":false,"showMaterialUpdate":false,"showSkybox":false,"showFlares":false,"showImageEffects":false,"showParticleSystems":false},"in2DMode":false,"pivot":{"x":1058.0020751953125,"y":185.66806030273438,"z":-10.271430015563965},"rotation":{"x":-0.13980059325695039,"y":0.043956685811281207,"z":-0.006211867555975914,"w":-0.9891933798789978},"size":1503.02734375,"orthographic":true}