{"cameraMode":{"drawMode":0,"name":"Shaded","section":"Shading Mode"},"sceneLighting":false,"audioPlay":false,"sceneViewState":{"showFog":true,"showMaterialUpdate":false,"showSkybox":false,"showFlares":true,"showImageEffects":true,"showParticleSystems":true},"in2DMode":false,"pivot":{"x":-25.071048736572267,"y":4.494311332702637,"z":-2.3577194213867189},"rotation":{"x":0.012835811823606491,"y":-0.9836158752441406,"z":0.1622685194015503,"w":0.07776664942502976},"size":26.27023696899414,"orthographic":true}