{"cameraMode":{"drawMode":0,"name":"Shaded","section":"Shading Mode"},"sceneLighting":false,"audioPlay":false,"sceneViewState":{"showFog":false,"showMaterialUpdate":false,"showSkybox":false,"showFlares":false,"showImageEffects":false,"showParticleSystems":false},"in2DMode":false,"pivot":{"x":-31.05259132385254,"y":-106.59068298339844,"z":309.3140869140625},"rotation":{"x":0.03574457764625549,"y":-0.9495742917060852,"z":0.28843772411346438,"w":0.11767541617155075},"size":22.645610809326173,"orthographic":true}