{"cameraMode":{"drawMode":0,"name":"Shaded","section":"Shading Mode"},"sceneLighting":false,"audioPlay":false,"sceneViewState":{"showFog":false,"showMaterialUpdate":false,"showSkybox":false,"showFlares":false,"showImageEffects":false,"showParticleSystems":false},"in2DMode":false,"pivot":{"x":-67.0677261352539,"y":-8.238118171691895,"z":-35.48551559448242},"rotation":{"x":0.025181861594319345,"y":0.9594265222549439,"z":-0.09094158560037613,"w":0.26584628224372866},"size":45.39512634277344,"orthographic":true}