{"cameraMode":{"drawMode":0,"name":"Shaded","section":"Shading Mode"},"sceneLighting":false,"audioPlay":false,"sceneViewState":{"showFog":false,"showMaterialUpdate":false,"showSkybox":false,"showFlares":false,"showImageEffects":false,"showParticleSystems":false},"in2DMode":false,"pivot":{"x":0.08912640810012818,"y":0.5890220403671265,"z":-0.01888319104909897},"rotation":{"x":0.15632402896881104,"y":0.32011348009109499,"z":-0.05242670327425003,"w":0.9331421852111816},"size":6.904768466949463,"orthographic":true}