{"cameraMode":{"drawMode":0,"name":"Shaded","section":"Shading Mode"},"sceneLighting":false,"audioPlay":false,"sceneViewState":{"showFog":true,"showMaterialUpdate":true,"showSkybox":false,"showFlares":true,"showImageEffects":true,"showParticleSystems":true},"in2DMode":false,"pivot":{"x":3.488269805908203,"y":4.543621063232422,"z":51.958858489990237},"rotation":{"x":0.09431198239326477,"y":-0.6340942978858948,"z":0.079070083796978,"w":0.764241635799408},"size":6.378536224365234,"orthographic":false}