{"cameraMode":{"drawMode":0,"name":"Shaded","section":"Shading Mode"},"sceneLighting":true,"audioPlay":false,"sceneViewState":{"showFog":false,"showMaterialUpdate":false,"showSkybox":false,"showFlares":false,"showImageEffects":false,"showParticleSystems":false},"in2DMode":false,"pivot":{"x":421.8477783203125,"y":0.5780389308929443,"z":124.70777893066406},"rotation":{"x":0.057407196611166,"y":0.03487654775381088,"z":-0.00664184894412756,"w":0.998485267162323},"size":5.826028823852539,"orthographic":false}