{"cameraMode":{"drawMode":0,"name":"Shaded","section":"Shading Mode"},"sceneLighting":true,"audioPlay":false,"sceneViewState":{"showFog":false,"showMaterialUpdate":false,"showSkybox":false,"showFlares":true,"showImageEffects":true,"showParticleSystems":true},"in2DMode":false,"pivot":{"x":-222.33348083496095,"y":-80.02651977539063,"z":359.0523986816406},"rotation":{"x":0.0464591346681118,"y":0.6271301507949829,"z":-0.03844921290874481,"w":0.7772659659385681},"size":5.894384384155273,"orthographic":false}