{"cameraMode":{"drawMode":0,"name":"Shaded","section":"Shading Mode"},"sceneLighting":true,"audioPlay":false,"sceneViewState":{"showFog":false,"showMaterialUpdate":false,"showSkybox":false,"showFlares":false,"showImageEffects":false,"showParticleSystems":false},"in2DMode":false,"pivot":{"x":473.97259521484377,"y":128.46963500976563,"z":139.9048309326172},"rotation":{"x":0.04824274033308029,"y":-0.11808785796165467,"z":0.005748458672314882,"w":0.9918378591537476},"size":1.3710942268371583,"orthographic":true}