{"cameraMode":{"drawMode":0,"name":"Shaded","section":"Shading Mode"},"sceneLighting":true,"audioPlay":false,"sceneViewState":{"showFog":false,"showMaterialUpdate":false,"showSkybox":false,"showFlares":false,"showImageEffects":false,"showParticleSystems":false},"in2DMode":false,"pivot":{"x":187.3802032470703,"y":-2.6458163261413576,"z":144.6622772216797},"rotation":{"x":0.15255321562290193,"y":-0.8148013353347778,"z":0.2464687079191208,"w":0.5025978088378906},"size":19.655105590820314,"orthographic":true}