{"cameraMode":{"drawMode":0,"name":"Shaded","section":"Shading Mode"},"sceneLighting":false,"audioPlay":false,"sceneViewState":{"showFog":false,"showMaterialUpdate":false,"showSkybox":true,"showFlares":false,"showImageEffects":false,"showParticleSystems":false},"in2DMode":false,"pivot":{"x":-300.08551025390627,"y":-3.135425567626953,"z":-211.9830780029297},"rotation":{"x":-0.1335582137107849,"y":-0.06205239146947861,"z":0.007437551859766245,"w":-0.9895471930503845},"size":27.229013442993165,"orthographic":true}