{"cameraMode":{"drawMode":0,"name":"Shaded","section":"Shading Mode"},"sceneLighting":true,"audioPlay":false,"sceneViewState":{"showFog":false,"showMaterialUpdate":false,"showSkybox":false,"showFlares":true,"showImageEffects":true,"showParticleSystems":true},"in2DMode":false,"pivot":{"x":463.977294921875,"y":136.34078979492188,"z":122.52043151855469},"rotation":{"x":-0.032981377094984058,"y":-0.7754009366035461,"z":0.041244927793741229,"w":-0.6301637291908264},"size":8.2256498336792,"orthographic":false}