{"cameraMode":{"drawMode":0,"name":"Shaded","section":"Shading Mode"},"sceneLighting":false,"audioPlay":false,"sceneViewState":{"showFog":true,"showMaterialUpdate":true,"showSkybox":true,"showFlares":true,"showImageEffects":true,"showParticleSystems":true},"in2DMode":false,"pivot":{"x":188.7490234375,"y":4.53040885925293,"z":154.32061767578126},"rotation":{"x":-0.2545068860054016,"y":-0.4327657222747803,"z":0.1293974667787552,"w":-0.8552600145339966},"size":253.41302490234376,"orthographic":true}