{"cameraMode":{"drawMode":0,"name":"Shaded","section":"Shading Mode"},"sceneLighting":false,"audioPlay":false,"sceneViewState":{"showFog":false,"showMaterialUpdate":false,"showSkybox":false,"showFlares":false,"showImageEffects":false,"showParticleSystems":false},"in2DMode":false,"pivot":{"x":0.10096663236618042,"y":0.637836754322052,"z":0.015529889613389969},"rotation":{"x":-0.015529339201748371,"y":-0.9724819660186768,"z":-0.06196489557623863,"w":0.2250097095966339},"size":10.78557300567627,"orthographic":true}