{"cameraMode":{"drawMode":0,"name":"Shaded","section":"Shading Mode"},"sceneLighting":false,"audioPlay":false,"sceneViewState":{"showFog":true,"showMaterialUpdate":true,"showSkybox":true,"showFlares":true,"showImageEffects":true,"showParticleSystems":true},"in2DMode":false,"pivot":{"x":429.41693115234377,"y":2.899265766143799,"z":127.80004119873047},"rotation":{"x":0.12627558410167695,"y":-0.10838049650192261,"z":0.007643250282853842,"w":0.9869264364242554},"size":7.845921516418457,"orthographic":false}