{"cameraMode":{"drawMode":0,"name":"Shaded","section":"Shading Mode"},"sceneLighting":false,"audioPlay":false,"sceneViewState":{"showFog":true,"showMaterialUpdate":true,"showSkybox":true,"showFlares":true,"showImageEffects":true,"showParticleSystems":true},"in2DMode":false,"pivot":{"x":26.697011947631837,"y":-137.12435913085938,"z":263.1299133300781},"rotation":{"x":0.12211519479751587,"y":0.8726562261581421,"z":-0.3178398013114929,"w":0.35254567861557009},"size":193.44410705566407,"orthographic":false}