{"cameraMode":{"drawMode":0,"name":"Shaded","section":"Shading Mode"},"sceneLighting":false,"audioPlay":false,"sceneViewState":{"showFog":false,"showMaterialUpdate":false,"showSkybox":false,"showFlares":false,"showImageEffects":false,"showParticleSystems":false},"in2DMode":false,"pivot":{"x":-303.2196350097656,"y":-8.61996078491211,"z":-233.19415283203126},"rotation":{"x":0.06441514939069748,"y":0.8549401760101318,"z":-0.10691065341234207,"w":0.5041138529777527},"size":1.3715381622314454,"orthographic":true}