{"cameraMode":{"drawMode":0,"name":"Shaded","section":"Shading Mode"},"sceneLighting":false,"audioPlay":false,"sceneViewState":{"showFog":true,"showMaterialUpdate":true,"showSkybox":true,"showFlares":true,"showImageEffects":true,"showParticleSystems":true},"in2DMode":false,"pivot":{"x":4.926448822021484,"y":-104.7629623413086,"z":310.76385498046877},"rotation":{"x":-0.11345629394054413,"y":0.8868902921676636,"z":-0.3201380968093872,"w":-0.31352201104164126},"size":51.89849090576172,"orthographic":true}