{"cameraMode":{"drawMode":0,"name":"Shaded","section":"Shading Mode"},"sceneLighting":true,"audioPlay":false,"sceneViewState":{"showFog":false,"showMaterialUpdate":false,"showSkybox":false,"showFlares":true,"showImageEffects":true,"showParticleSystems":true},"in2DMode":false,"pivot":{"x":-50.12936019897461,"y":-68.13644409179688,"z":227.96261596679688},"rotation":{"x":0.010840735398232937,"y":-0.959016740322113,"z":0.28129997849464419,"w":0.037868909537792209},"size":359.7292175292969,"orthographic":false}