{"cameraMode":{"drawMode":0,"name":"Shaded","section":"Shading Mode"},"sceneLighting":false,"audioPlay":false,"sceneViewState":{"showFog":false,"showMaterialUpdate":false,"showSkybox":false,"showFlares":false,"showImageEffects":false,"showParticleSystems":false},"in2DMode":false,"pivot":{"x":-303.24774169921877,"y":-8.624322891235352,"z":-233.21046447753907},"rotation":{"x":-0.00998056959360838,"y":0.9759249091148377,"z":-0.21327970921993257,"w":-0.05111906677484512},"size":1.3956995010375977,"orthographic":true}