{"cameraMode":{"drawMode":0,"name":"Shaded","section":"Shading Mode"},"sceneLighting":false,"audioPlay":false,"sceneViewState":{"showFog":false,"showMaterialUpdate":false,"showSkybox":false,"showFlares":false,"showImageEffects":false,"showParticleSystems":false},"in2DMode":false,"pivot":{"x":0.07999992370605469,"y":0.6299999356269836,"z":9.430000305175782},"rotation":{"x":0.14568877220153809,"y":-0.6469029188156128,"z":0.127755805850029,"w":0.7375648617744446},"size":6.356982707977295,"orthographic":true}