{"cameraMode":{"drawMode":0,"name":"Shaded","section":"Shading Mode"},"sceneLighting":false,"audioPlay":false,"sceneViewState":{"showFog":false,"showMaterialUpdate":false,"showSkybox":false,"showFlares":true,"showImageEffects":true,"showParticleSystems":true},"in2DMode":false,"pivot":{"x":4.2518720626831059,"y":-74.97146606445313,"z":139.53636169433595},"rotation":{"x":0.19636479020118714,"y":-0.7949879169464111,"z":-0.333377480506897,"w":-0.4676625728607178},"size":118.90087890625,"orthographic":false}