{"cameraMode":{"drawMode":0,"name":"Shaded","section":"Shading Mode"},"sceneLighting":false,"audioPlay":false,"sceneViewState":{"showFog":true,"showMaterialUpdate":true,"showSkybox":true,"showFlares":true,"showImageEffects":true,"showParticleSystems":true},"in2DMode":false,"pivot":{"x":-25.99917221069336,"y":-99.03458404541016,"z":353.7110290527344},"rotation":{"x":0.018353989347815515,"y":-0.9759649038314819,"z":0.1973390430212021,"w":0.09132703393697739},"size":37.58911895751953,"orthographic":true}