{"cameraMode":{"drawMode":0,"name":"Shaded","section":"Shading Mode"},"sceneLighting":true,"audioPlay":false,"sceneViewState":{"showFog":false,"showMaterialUpdate":false,"showSkybox":false,"showFlares":true,"showImageEffects":true,"showParticleSystems":true},"in2DMode":false,"pivot":{"x":960.8521728515625,"y":540.0025024414063,"z":2.189399480819702},"rotation":{"x":-0.17451302707195283,"y":0.5515471696853638,"z":-0.11990052461624146,"w":-0.8070444464683533},"size":1101.45361328125,"orthographic":false}