{"cameraMode":{"drawMode":0,"name":"Shaded","section":"Shading Mode"},"sceneLighting":true,"audioPlay":false,"sceneViewState":{"showFog":false,"showMaterialUpdate":false,"showSkybox":false,"showFlares":true,"showImageEffects":true,"showParticleSystems":true},"in2DMode":false,"pivot":{"x":-61.34492492675781,"y":4.408897399902344,"z":-52.784610748291019},"rotation":{"x":-0.01561521366238594,"y":-0.9537268280982971,"z":0.05515604093670845,"w":-0.29694899916648867},"size":82.58562469482422,"orthographic":false}