{"cameraMode":{"drawMode":0,"name":"Shaded","section":"Shading Mode"},"sceneLighting":true,"audioPlay":false,"sceneViewState":{"showFog":false,"showMaterialUpdate":false,"showSkybox":false,"showFlares":false,"showImageEffects":false,"showParticleSystems":false},"in2DMode":false,"pivot":{"x":-29.230167388916017,"y":-88.61747741699219,"z":311.1937561035156},"rotation":{"x":-0.008367912843823433,"y":-0.9658201336860657,"z":0.25983741879463198,"w":-0.031695734709501269},"size":8.989363670349121,"orthographic":false}