{"cameraMode":{"drawMode":0,"name":"Shaded","section":"Shading Mode"},"sceneLighting":true,"audioPlay":false,"sceneViewState":{"showFog":false,"showMaterialUpdate":false,"showSkybox":false,"showFlares":true,"showImageEffects":true,"showParticleSystems":true},"in2DMode":false,"pivot":{"x":1053.025634765625,"y":355.0066223144531,"z":1319.3553466796875},"rotation":{"x":-0.11887665838003159,"y":-0.6121550798416138,"z":0.09596763551235199,"w":-0.7763611674308777},"size":118.07102966308594,"orthographic":false}