{"cameraMode":{"drawMode":0,"name":"Shaded","section":"Shading Mode"},"sceneLighting":false,"audioPlay":false,"sceneViewState":{"showFog":true,"showMaterialUpdate":false,"showSkybox":false,"showFlares":true,"showImageEffects":true,"showParticleSystems":true},"in2DMode":false,"pivot":{"x":-0.0018388633616268635,"y":-0.0006878753192722797,"z":0.0012989337556064129},"rotation":{"x":0.005131395533680916,"y":0.9921855926513672,"z":-0.04349406808614731,"w":0.11692193150520325},"size":0.02404741570353508,"orthographic":false}