{"cameraMode":{"drawMode":0,"name":"Shaded","section":"Shading Mode"},"sceneLighting":true,"audioPlay":false,"sceneViewState":{"showFog":false,"showMaterialUpdate":false,"showSkybox":false,"showFlares":false,"showImageEffects":false,"showParticleSystems":false},"in2DMode":false,"pivot":{"x":507.3018493652344,"y":-52.98816680908203,"z":1716.16064453125},"rotation":{"x":0.19905148446559907,"y":-0.15245288610458375,"z":0.03171896934509277,"w":0.9682783484458923},"size":467.59185791015627,"orthographic":false}