{"cameraMode":{"drawMode":0,"name":"Shaded","section":"Shading Mode"},"sceneLighting":false,"audioPlay":false,"sceneViewState":{"showFog":false,"showMaterialUpdate":false,"showSkybox":false,"showFlares":true,"showImageEffects":true,"showParticleSystems":true},"in2DMode":false,"pivot":{"x":508.9879455566406,"y":164.1398468017578,"z":716.3223876953125},"rotation":{"x":-0.015774283558130266,"y":0.9757850766181946,"z":-0.20524092018604279,"w":-0.07511696219444275},"size":115.78257751464844,"orthographic":false}