{"cameraMode":{"drawMode":0,"name":"Shaded","section":"Shading Mode"},"sceneLighting":false,"audioPlay":false,"sceneViewState":{"showFog":true,"showMaterialUpdate":false,"showSkybox":false,"showFlares":true,"showImageEffects":true,"showParticleSystems":true},"in2DMode":false,"pivot":{"x":1235.6248779296875,"y":178.12493896484376,"z":0.0},"rotation":{"x":-0.060226090252399448,"y":0.03951459378004074,"z":-0.0023852623999118807,"w":-0.9974024295806885},"size":207.9813690185547,"orthographic":false}