{"cameraMode":{"drawMode":0,"name":"Shaded","section":"Shading Mode"},"sceneLighting":false,"audioPlay":false,"sceneViewState":{"showFog":true,"showMaterialUpdate":true,"showSkybox":false,"showFlares":true,"showImageEffects":true,"showParticleSystems":true},"in2DMode":false,"pivot":{"x":0.44987040758132937,"y":4.690392971038818,"z":53.78974533081055},"rotation":{"x":-0.17185255885124207,"y":0.1377440094947815,"z":-0.024141408503055574,"w":-0.9758367538452148},"size":2.654104471206665,"orthographic":false}