{"cameraMode":{"drawMode":0,"name":"Shaded","section":"Shading Mode"},"sceneLighting":false,"audioPlay":false,"sceneViewState":{"showFog":false,"showMaterialUpdate":false,"showSkybox":false,"showFlares":true,"showImageEffects":true,"showParticleSystems":true},"in2DMode":false,"pivot":{"x":-305.0230407714844,"y":-8.768257141113282,"z":-231.08001708984376},"rotation":{"x":0.1672847718000412,"y":-0.26629793643951418,"z":0.04596458002924919,"w":0.9484890103340149},"size":5.592968940734863,"orthographic":false}