{"cameraMode":{"drawMode":0,"name":"Shaded","section":"Shading Mode"},"sceneLighting":false,"audioPlay":false,"sceneViewState":{"showFog":true,"showMaterialUpdate":false,"showSkybox":false,"showFlares":true,"showImageEffects":true,"showParticleSystems":true},"in2DMode":false,"pivot":{"x":651.6727905273438,"y":859.386962890625,"z":-35.37645721435547},"rotation":{"x":-0.06302520632743836,"y":0.08730985969305039,"z":-0.005534675437957048,"w":-0.9941743016242981},"size":1012.94970703125,"orthographic":false}