{"cameraMode":{"drawMode":0,"name":"Shaded","section":"Shading Mode"},"sceneLighting":false,"audioPlay":false,"sceneViewState":{"showFog":false,"showMaterialUpdate":false,"showSkybox":false,"showFlares":false,"showImageEffects":false,"showParticleSystems":false},"in2DMode":false,"pivot":{"x":1009.9998779296875,"y":559.0,"z":-35.798343658447269},"rotation":{"x":0.02191653475165367,"y":0.15148290991783143,"z":0.0034803629387170078,"w":-0.9882599711418152},"size":710.7472534179688,"orthographic":false}