{"cameraMode":{"drawMode":0,"name":"Shaded","section":"Shading Mode"},"sceneLighting":true,"audioPlay":false,"sceneViewState":{"showFog":true,"showMaterialUpdate":false,"showSkybox":true,"showFlares":false,"showImageEffects":false,"showParticleSystems":false},"in2DMode":false,"pivot":{"x":198.0062713623047,"y":0.6442175507545471,"z":147.81533813476563},"rotation":{"x":-0.015600286424160004,"y":-0.12757518887519837,"z":-0.0034132348373532297,"w":0.9922770857810974},"size":1.0422687530517579,"orthographic":true}