{"cameraMode":{"drawMode":0,"name":"Shaded","section":"Shading Mode"},"sceneLighting":false,"audioPlay":false,"sceneViewState":{"showFog":true,"showMaterialUpdate":true,"showSkybox":false,"showFlares":true,"showImageEffects":true,"showParticleSystems":true},"in2DMode":false,"pivot":{"x":-11.457904815673829,"y":17.79500389099121,"z":-11.714079856872559},"rotation":{"x":0.057043880224227908,"y":-0.7161939740180969,"z":0.052047643810510638,"w":0.6947802305221558},"size":2.216214418411255,"orthographic":false}