{"cameraMode":{"drawMode":0,"name":"Shaded","section":"Shading Mode"},"sceneLighting":false,"audioPlay":false,"sceneViewState":{"showFog":false,"showMaterialUpdate":false,"showSkybox":false,"showFlares":false,"showImageEffects":false,"showParticleSystems":false},"in2DMode":false,"pivot":{"x":-0.40816760063171389,"y":1.2300000190734864,"z":-0.09292435646057129},"rotation":{"x":-0.050433482974767688,"y":0.5294641256332398,"z":-0.031328100711107257,"w":-0.8464109897613525},"size":1.2247449159622193,"orthographic":true}