{"cameraMode":{"drawMode":0,"name":"Shaded","section":"Shading Mode"},"sceneLighting":true,"audioPlay":false,"sceneViewState":{"showFog":false,"showMaterialUpdate":false,"showSkybox":false,"showFlares":true,"showImageEffects":true,"showParticleSystems":true},"in2DMode":false,"pivot":{"x":-4.410253524780273,"y":-95.06483459472656,"z":365.23809814453127},"rotation":{"x":0.13202764093875886,"y":0.5342382192611694,"z":-0.08539541065692902,"w":0.831255316734314},"size":122.01333618164063,"orthographic":false}