{"cameraMode":{"drawMode":0,"name":"Shaded","section":"Shading Mode"},"sceneLighting":true,"audioPlay":false,"sceneViewState":{"showFog":false,"showMaterialUpdate":false,"showSkybox":false,"showFlares":true,"showImageEffects":true,"showParticleSystems":true},"in2DMode":false,"pivot":{"x":96.7605209350586,"y":144.53704833984376,"z":-143.26377868652345},"rotation":{"x":0.06227939575910568,"y":0.9267556071281433,"z":-0.1760406792163849,"w":0.32636839151382449},"size":139.75787353515626,"orthographic":false}