{"cameraMode":{"drawMode":0,"name":"Shaded","section":"Shading Mode"},"sceneLighting":true,"audioPlay":false,"sceneViewState":{"showFog":false,"showMaterialUpdate":false,"showSkybox":false,"showFlares":true,"showImageEffects":true,"showParticleSystems":true},"in2DMode":false,"pivot":{"x":-302.379638671875,"y":-5.639522075653076,"z":-235.09881591796876},"rotation":{"x":-0.007859421893954277,"y":-0.9865419268608093,"z":-0.057657238095998767,"w":0.15496490895748139},"size":0.7026013731956482,"orthographic":false}