{"cameraMode":{"drawMode":0,"name":"Shaded","section":"Shading Mode"},"sceneLighting":false,"audioPlay":false,"sceneViewState":{"showFog":true,"showMaterialUpdate":false,"showSkybox":false,"showFlares":false,"showImageEffects":false,"showParticleSystems":false},"in2DMode":false,"pivot":{"x":193.1612548828125,"y":0.942256510257721,"z":155.1498565673828},"rotation":{"x":0.055475495755672458,"y":-0.9448167085647583,"z":0.2512739598751068,"w":0.20554479956626893},"size":0.25191086530685427,"orthographic":true}