{"cameraMode":{"drawMode":0,"name":"Shaded","section":"Shading Mode"},"sceneLighting":false,"audioPlay":false,"sceneViewState":{"showFog":true,"showMaterialUpdate":true,"showSkybox":true,"showFlares":true,"showImageEffects":true,"showParticleSystems":true},"in2DMode":false,"pivot":{"x":193.16148376464845,"y":0.9422177672386169,"z":155.14952087402345},"rotation":{"x":0.03695283085107803,"y":0.9169723391532898,"z":-0.3889082968235016,"w":0.08785443753004074},"size":0.20183280110359193,"orthographic":true}