{"cameraMode":{"drawMode":0,"name":"Shaded","section":"Shading Mode"},"sceneLighting":true,"audioPlay":false,"sceneViewState":{"showFog":false,"showMaterialUpdate":false,"showSkybox":false,"showFlares":false,"showImageEffects":false,"showParticleSystems":false},"in2DMode":false,"pivot":{"x":449.33087158203127,"y":85.91677856445313,"z":214.15982055664063},"rotation":{"x":0.37521928548812868,"y":-0.49440625309944155,"z":0.24821452796459199,"w":0.7441182732582092},"size":41.56684112548828,"orthographic":true}