{"cameraMode":{"drawMode":0,"name":"Shaded","section":"Shading Mode"},"sceneLighting":true,"audioPlay":false,"sceneViewState":{"showFog":true,"showMaterialUpdate":false,"showSkybox":true,"showFlares":true,"showImageEffects":true,"showParticleSystems":true},"in2DMode":false,"pivot":{"x":212.64712524414063,"y":226.56161499023438,"z":-31.443756103515626},"rotation":{"x":-0.1650523692369461,"y":0.40157729387283327,"z":-0.07382484525442124,"w":-0.8978025913238525},"size":740.9746704101563,"orthographic":false}