{"cameraMode":{"drawMode":0,"name":"Shaded","section":"Shading Mode"},"sceneLighting":false,"audioPlay":false,"sceneViewState":{"showFog":true,"showMaterialUpdate":true,"showSkybox":true,"showFlares":true,"showImageEffects":true,"showParticleSystems":true},"in2DMode":false,"pivot":{"x":197.8194122314453,"y":0.3971680998802185,"z":147.85739135742188},"rotation":{"x":0.0014176383847370744,"y":-0.9987871050834656,"z":0.04796959459781647,"w":0.019757267087697984},"size":1.0115536451339722,"orthographic":true}