{"cameraMode":{"drawMode":0,"name":"Shaded","section":"Shading Mode"},"sceneLighting":false,"audioPlay":false,"sceneViewState":{"showFog":true,"showMaterialUpdate":false,"showSkybox":false,"showFlares":true,"showImageEffects":true,"showParticleSystems":true},"in2DMode":false,"pivot":{"x":-0.03177082911133766,"y":0.015155550092458725,"z":-0.17570529878139497},"rotation":{"x":0.006141435354948044,"y":-0.9647177457809448,"z":0.26232481002807619,"w":0.022576892748475076},"size":0.20405465364456178,"orthographic":true}