{"cameraMode":{"drawMode":0,"name":"Shaded","section":"Shading Mode"},"sceneLighting":false,"audioPlay":false,"sceneViewState":{"showFog":true,"showMaterialUpdate":false,"showSkybox":false,"showFlares":false,"showImageEffects":false,"showParticleSystems":false},"in2DMode":false,"pivot":{"x":198.41329956054688,"y":0.27079200744628909,"z":147.92384338378907},"rotation":{"x":-0.24257208406925202,"y":-0.5238217115402222,"z":0.15988032519817353,"w":-0.8014564514160156},"size":0.8018798232078552,"orthographic":true}