{"cameraMode":{"drawMode":0,"name":"Shaded","section":"Shading Mode"},"sceneLighting":false,"audioPlay":false,"sceneViewState":{"showFog":false,"showMaterialUpdate":false,"showSkybox":false,"showFlares":false,"showImageEffects":false,"showParticleSystems":false},"in2DMode":false,"pivot":{"x":-108.70533752441406,"y":5.5793232917785648,"z":11.149641990661621},"rotation":{"x":-0.031889621168375018,"y":-0.8059098720550537,"z":0.5899247527122498,"w":-0.045748572796583179},"size":4.257091522216797,"orthographic":false}