{"cameraMode":{"drawMode":0,"name":"Shaded","section":"Shading Mode"},"sceneLighting":false,"audioPlay":false,"sceneViewState":{"showFog":false,"showMaterialUpdate":false,"showSkybox":false,"showFlares":true,"showImageEffects":true,"showParticleSystems":true},"in2DMode":false,"pivot":{"x":-909.06982421875,"y":126.7193603515625,"z":-1.6400022506713868},"rotation":{"x":0.043422069400548938,"y":0.6950523257255554,"z":-0.04181257262825966,"w":0.7165898084640503},"size":934.2598876953125,"orthographic":false}