{"cameraMode":{"drawMode":0,"name":"Shaded","section":"Shading Mode"},"sceneLighting":false,"audioPlay":false,"sceneViewState":{"showFog":true,"showMaterialUpdate":true,"showSkybox":true,"showFlares":true,"showImageEffects":true,"showParticleSystems":true},"in2DMode":false,"pivot":{"x":472.9129638671875,"y":122.9487533569336,"z":163.29335021972657},"rotation":{"x":-0.2323976308107376,"y":0.6600050926208496,"z":-0.225876584649086,"w":-0.6779369711875916},"size":17.409015655517579,"orthographic":true}