{"cameraMode":{"drawMode":0,"name":"Shaded","section":"Shading Mode"},"sceneLighting":true,"audioPlay":false,"sceneViewState":{"showFog":true,"showMaterialUpdate":false,"showSkybox":true,"showFlares":true,"showImageEffects":true,"showParticleSystems":true},"in2DMode":false,"pivot":{"x":114.99101257324219,"y":-80.9691162109375,"z":-16.622093200683595},"rotation":{"x":0.12480532377958298,"y":0.7262700796127319,"z":-0.13688872754573823,"w":0.6620535850524902},"size":223.4313201904297,"orthographic":false}