{"cameraMode":{"drawMode":0,"name":"Shaded","section":"Shading Mode"},"sceneLighting":false,"audioPlay":false,"sceneViewState":{"showFog":true,"showMaterialUpdate":true,"showSkybox":false,"showFlares":true,"showImageEffects":true,"showParticleSystems":true},"in2DMode":false,"pivot":{"x":398.9543151855469,"y":11.128018379211426,"z":155.78330993652345},"rotation":{"x":0.052340567111968997,"y":0.30522605776786806,"z":0.02155662328004837,"w":-0.9514755010604858},"size":32.18594741821289,"orthographic":false}