{"cameraMode":{"drawMode":0,"name":"Shaded","section":"Shading Mode"},"sceneLighting":false,"audioPlay":false,"sceneViewState":{"showFog":false,"showMaterialUpdate":false,"showSkybox":false,"showFlares":true,"showImageEffects":true,"showParticleSystems":true},"in2DMode":false,"pivot":{"x":-307.8978271484375,"y":-9.26982307434082,"z":-234.58245849609376},"rotation":{"x":0.18954738974571229,"y":-0.7822515368461609,"z":0.28227049112319949,"w":0.5226090550422669},"size":10.190474510192871,"orthographic":false}