{"cameraMode":{"drawMode":0,"name":"Shaded","section":"Shading Mode"},"sceneLighting":false,"audioPlay":false,"sceneViewState":{"showFog":false,"showMaterialUpdate":false,"showSkybox":false,"showFlares":false,"showImageEffects":false,"showParticleSystems":false},"in2DMode":false,"pivot":{"x":432.1947326660156,"y":2.6309142112731935,"z":128.673583984375},"rotation":{"x":-0.10845452547073364,"y":0.06804733723402024,"z":-0.007272862829267979,"w":-0.9918794631958008},"size":1.166487455368042,"orthographic":true}