{"cameraMode":{"drawMode":0,"name":"Shaded","section":"Shading Mode"},"sceneLighting":true,"audioPlay":false,"sceneViewState":{"showFog":false,"showMaterialUpdate":false,"showSkybox":false,"showFlares":false,"showImageEffects":false,"showParticleSystems":false},"in2DMode":false,"pivot":{"x":439.4593505859375,"y":132.16453552246095,"z":190.6249542236328},"rotation":{"x":-0.19282092154026032,"y":-0.034842364490032199,"z":0.0061558145098388199,"w":-0.9807784557342529},"size":86.71798706054688,"orthographic":true}