{"cameraMode":{"drawMode":0,"name":"Shaded","section":"Shading Mode"},"sceneLighting":false,"audioPlay":false,"sceneViewState":{"showFog":false,"showMaterialUpdate":false,"showSkybox":false,"showFlares":true,"showImageEffects":true,"showParticleSystems":true},"in2DMode":false,"pivot":{"x":-773.2783203125,"y":88.21343231201172,"z":-320.6933288574219},"rotation":{"x":0.07739347964525223,"y":-0.7498489618301392,"z":-0.08704500645399094,"w":-0.6518137454986572},"size":102.78665924072266,"orthographic":false}