{"cameraMode":{"drawMode":0,"name":"Shaded","section":"Shading Mode"},"sceneLighting":true,"audioPlay":false,"sceneViewState":{"showFog":true,"showMaterialUpdate":true,"showSkybox":true,"showFlares":true,"showImageEffects":true,"showParticleSystems":true},"in2DMode":false,"pivot":{"x":421.04449462890627,"y":4.144376754760742,"z":139.30807495117188},"rotation":{"x":-0.13656805455684663,"y":-0.21804910898208619,"z":-0.044577039778232577,"w":0.9663553833961487},"size":2.4183239936828615,"orthographic":false}