{"cameraMode":{"drawMode":0,"name":"Shaded","section":"Shading Mode"},"sceneLighting":false,"audioPlay":false,"sceneViewState":{"showFog":false,"showMaterialUpdate":false,"showSkybox":false,"showFlares":true,"showImageEffects":true,"showParticleSystems":true},"in2DMode":false,"pivot":{"x":-108.42396545410156,"y":-1.5689831972122193,"z":10.798815727233887},"rotation":{"x":-0.017365528270602227,"y":-0.28121235966682436,"z":0.005858052987605333,"w":-0.9597798585891724},"size":1.235255241394043,"orthographic":true}