{"cameraMode":{"drawMode":0,"name":"Shaded","section":"Shading Mode"},"sceneLighting":true,"audioPlay":false,"sceneViewState":{"showFog":false,"showMaterialUpdate":false,"showSkybox":false,"showFlares":true,"showImageEffects":true,"showParticleSystems":true},"in2DMode":false,"pivot":{"x":698.1648559570313,"y":171.72216796875,"z":282.2292785644531},"rotation":{"x":0.16451285779476167,"y":-0.48816078901290896,"z":0.09156464040279389,"w":0.852749228477478},"size":52.716068267822269,"orthographic":false}