{"cameraMode":{"drawMode":0,"name":"Shaded","section":"Shading Mode"},"sceneLighting":false,"audioPlay":false,"sceneViewState":{"showFog":true,"showMaterialUpdate":false,"showSkybox":false,"showFlares":true,"showImageEffects":true,"showParticleSystems":true},"in2DMode":false,"pivot":{"x":-37.24309539794922,"y":13.012373924255371,"z":-76.10629272460938},"rotation":{"x":0.000495342945214361,"y":-0.9989950060844421,"z":0.04348360747098923,"w":0.01138746552169323},"size":1703.34619140625,"orthographic":true}