{"cameraMode":{"drawMode":0,"name":"Shaded","section":"Shading Mode"},"sceneLighting":false,"audioPlay":false,"sceneViewState":{"showFog":true,"showMaterialUpdate":false,"showSkybox":false,"showFlares":true,"showImageEffects":true,"showParticleSystems":true},"in2DMode":false,"pivot":{"x":-98.0230941772461,"y":-3.032680034637451,"z":30.241662979125978},"rotation":{"x":0.0693155825138092,"y":0.9259397983551025,"z":-0.20930500328540803,"w":0.30664244294166567},"size":8.563304901123047,"orthographic":false}