{"cameraMode":{"drawMode":0,"name":"Shaded","section":"Shading Mode"},"sceneLighting":true,"audioPlay":false,"sceneViewState":{"showFog":false,"showMaterialUpdate":false,"showSkybox":false,"showFlares":true,"showImageEffects":true,"showParticleSystems":true},"in2DMode":false,"pivot":{"x":914.2727661132813,"y":215.34095764160157,"z":1244.195068359375},"rotation":{"x":0.041316285729408267,"y":0.6488037705421448,"z":-0.0352272130548954,"w":0.7593727707862854},"size":610.9199829101563,"orthographic":false}