{"cameraMode":{"drawMode":0,"name":"Shaded","section":"Shading Mode"},"sceneLighting":false,"audioPlay":false,"sceneViewState":{"showFog":true,"showMaterialUpdate":true,"showSkybox":true,"showFlares":true,"showImageEffects":true,"showParticleSystems":true},"in2DMode":false,"pivot":{"x":433.4314270019531,"y":6.882328510284424,"z":121.12096405029297},"rotation":{"x":0.016233807429671289,"y":0.3238701820373535,"z":0.011020847596228123,"w":-0.9468249678611755},"size":1.8688921928405762,"orthographic":false}