{"cameraMode":{"drawMode":0,"name":"Shaded","section":"Shading Mode"},"sceneLighting":false,"audioPlay":false,"sceneViewState":{"showFog":true,"showMaterialUpdate":false,"showSkybox":false,"showFlares":false,"showImageEffects":false,"showParticleSystems":false},"in2DMode":false,"pivot":{"x":0.013109914027154446,"y":0.04377211257815361,"z":-0.04399743676185608},"rotation":{"x":0.013510487042367459,"y":-0.987686276435852,"z":0.10760720074176789,"w":0.11778657138347626},"size":0.028594916686415674,"orthographic":true}