{"cameraMode":{"drawMode":0,"name":"Shaded","section":"Shading Mode"},"sceneLighting":true,"audioPlay":false,"sceneViewState":{"showFog":true,"showMaterialUpdate":false,"showSkybox":true,"showFlares":false,"showImageEffects":false,"showParticleSystems":false},"in2DMode":false,"pivot":{"x":-303.39117431640627,"y":-8.330286979675293,"z":-229.13612365722657},"rotation":{"x":0.028091877698898317,"y":0.2428034096956253,"z":-0.007662712596356869,"w":0.9702081084251404},"size":7.8987884521484379,"orthographic":true}