{"cameraMode":{"drawMode":0,"name":"Shaded","section":"Shading Mode"},"sceneLighting":false,"audioPlay":false,"sceneViewState":{"showFog":false,"showMaterialUpdate":false,"showSkybox":false,"showFlares":false,"showImageEffects":false,"showParticleSystems":false},"in2DMode":false,"pivot":{"x":-302.8021545410156,"y":-7.616577625274658,"z":-231.8206787109375},"rotation":{"x":0.25084298849105837,"y":0.2782224118709564,"z":-0.07421746104955673,"w":0.9244905114173889},"size":8.311606407165528,"orthographic":true}