{"cameraMode":{"drawMode":0,"name":"Shaded","section":"Shading Mode"},"sceneLighting":false,"audioPlay":false,"sceneViewState":{"showFog":false,"showMaterialUpdate":false,"showSkybox":false,"showFlares":true,"showImageEffects":true,"showParticleSystems":true},"in2DMode":false,"pivot":{"x":-108.5011978149414,"y":-1.7710185050964356,"z":11.299650192260743},"rotation":{"x":-0.06242073327302933,"y":-0.4935448169708252,"z":0.0364232063293457,"w":-0.8670560121536255},"size":0.48053690791130068,"orthographic":true}