{"cameraMode":{"drawMode":0,"name":"Shaded","section":"Shading Mode"},"sceneLighting":true,"audioPlay":false,"sceneViewState":{"showFog":false,"showMaterialUpdate":false,"showSkybox":false,"showFlares":true,"showImageEffects":true,"showParticleSystems":true},"in2DMode":false,"pivot":{"x":198.7608642578125,"y":7.174560070037842,"z":150.08128356933595},"rotation":{"x":-0.31334707140922549,"y":-0.6818804740905762,"z":0.5081113576889038,"w":-0.4239833354949951},"size":82.41597747802735,"orthographic":false}