{"cameraMode":{"drawMode":0,"name":"Shaded","section":"Shading Mode"},"sceneLighting":false,"audioPlay":false,"sceneViewState":{"showFog":false,"showMaterialUpdate":false,"showSkybox":false,"showFlares":true,"showImageEffects":true,"showParticleSystems":true},"in2DMode":false,"pivot":{"x":-108.70533752441406,"y":-1.9730091094970704,"z":11.149641990661621},"rotation":{"x":0.013842574320733548,"y":-0.9641221165657044,"z":0.047847386449575427,"w":0.26190614700317385},"size":0.9220587611198425,"orthographic":false}