{"cameraMode":{"drawMode":0,"name":"Shaded","section":"Shading Mode"},"sceneLighting":false,"audioPlay":false,"sceneViewState":{"showFog":true,"showMaterialUpdate":false,"showSkybox":false,"showFlares":false,"showImageEffects":false,"showParticleSystems":false},"in2DMode":false,"pivot":{"x":0.013073505833745003,"y":0.04376273602247238,"z":-0.044264502823352817},"rotation":{"x":-0.0215119831264019,"y":0.9608492255210877,"z":-0.07400917261838913,"w":-0.2682955861091614},"size":0.02500874362885952,"orthographic":true}