{"cameraMode":{"drawMode":0,"name":"Shaded","section":"Shading Mode"},"sceneLighting":false,"audioPlay":false,"sceneViewState":{"showFog":true,"showMaterialUpdate":false,"showSkybox":false,"showFlares":true,"showImageEffects":true,"showParticleSystems":true},"in2DMode":false,"pivot":{"x":665.846435546875,"y":859.158203125,"z":-37.014408111572269},"rotation":{"x":0.0403556227684021,"y":0.24970294535160066,"z":0.01041664183139801,"w":-0.9674291610717773},"size":819.0775756835938,"orthographic":false}