{"cameraMode":{"drawMode":0,"name":"Shaded","section":"Shading Mode"},"sceneLighting":true,"audioPlay":false,"sceneViewState":{"showFog":true,"showMaterialUpdate":true,"showSkybox":true,"showFlares":true,"showImageEffects":true,"showParticleSystems":true},"in2DMode":false,"pivot":{"x":-304.4464111328125,"y":-8.385514259338379,"z":-240.55043029785157},"rotation":{"x":0.0576251745223999,"y":-0.29200097918510439,"z":0.008593066595494748,"w":0.9558274745941162},"size":0.699996829032898,"orthographic":false}