{"cameraMode":{"drawMode":0,"name":"Shaded","section":"Shading Mode"},"sceneLighting":false,"audioPlay":false,"sceneViewState":{"showFog":false,"showMaterialUpdate":false,"showSkybox":false,"showFlares":false,"showImageEffects":false,"showParticleSystems":false},"in2DMode":false,"pivot":{"x":-299.3257751464844,"y":-7.874085426330566,"z":-231.2559814453125},"rotation":{"x":0.04110390692949295,"y":-0.8666799664497376,"z":0.0724598839879036,"w":0.4919660985469818},"size":1240.4014892578125,"orthographic":true}