{"cameraMode":{"drawMode":0,"name":"Shaded","section":"Shading Mode"},"sceneLighting":false,"audioPlay":false,"sceneViewState":{"showFog":false,"showMaterialUpdate":false,"showSkybox":false,"showFlares":true,"showImageEffects":true,"showParticleSystems":true},"in2DMode":false,"pivot":{"x":-110.18281555175781,"y":-1.4907760620117188,"z":12.859480857849121},"rotation":{"x":0.08594433218240738,"y":0.6100024580955505,"z":-0.06805021315813065,"w":0.7851508855819702},"size":2.7515318393707277,"orthographic":true}