{"cameraMode":{"drawMode":0,"name":"Shaded","section":"Shading Mode"},"sceneLighting":true,"audioPlay":false,"sceneViewState":{"showFog":false,"showMaterialUpdate":false,"showSkybox":false,"showFlares":true,"showImageEffects":true,"showParticleSystems":true},"in2DMode":false,"pivot":{"x":189.45169067382813,"y":1.3699322938919068,"z":155.38906860351563},"rotation":{"x":-0.012055045925080777,"y":0.9792644381523132,"z":-0.19822467863559724,"w":-0.051811039447784427},"size":32.758827209472659,"orthographic":false}