{"cameraMode":{"drawMode":0,"name":"Shaded","section":"Shading Mode"},"sceneLighting":false,"audioPlay":false,"sceneViewState":{"showFog":true,"showMaterialUpdate":false,"showSkybox":false,"showFlares":false,"showImageEffects":false,"showParticleSystems":false},"in2DMode":false,"pivot":{"x":0.00023618526756763458,"y":0.023524079471826555,"z":0.009790688753128052},"rotation":{"x":0.021847136318683625,"y":0.8021565675735474,"z":-0.03311992809176445,"w":0.5967860817909241},"size":1.1265894174575806,"orthographic":true}