{"cameraMode":{"drawMode":0,"name":"Shaded","section":"Shading Mode"},"sceneLighting":true,"audioPlay":false,"sceneViewState":{"showFog":true,"showMaterialUpdate":true,"showSkybox":true,"showFlares":true,"showImageEffects":true,"showParticleSystems":true},"in2DMode":false,"pivot":{"x":182.31930541992188,"y":1.91876220703125,"z":149.04153442382813},"rotation":{"x":0.0021538755390793087,"y":0.4204416871070862,"z":0.011808179318904877,"w":-0.9085017442703247},"size":1.6187677383422852,"orthographic":false}