{"cameraMode":{"drawMode":0,"name":"Shaded","section":"Shading Mode"},"sceneLighting":false,"audioPlay":false,"sceneViewState":{"showFog":false,"showMaterialUpdate":false,"showSkybox":false,"showFlares":true,"showImageEffects":true,"showParticleSystems":true},"in2DMode":false,"pivot":{"x":2.833517551422119,"y":-75.44235229492188,"z":138.55995178222657},"rotation":{"x":-0.09769095480442047,"y":-0.24980323016643525,"z":0.025334976613521577,"w":-0.9630379676818848},"size":79.12629699707031,"orthographic":false}