{"cameraMode":{"drawMode":0,"name":"Shaded","section":"Shading Mode"},"sceneLighting":true,"audioPlay":false,"sceneViewState":{"showFog":false,"showMaterialUpdate":false,"showSkybox":false,"showFlares":true,"showImageEffects":true,"showParticleSystems":true},"in2DMode":false,"pivot":{"x":-302.96234130859377,"y":-5.3698883056640629,"z":-230.69677734375},"rotation":{"x":-0.10706834495067597,"y":-0.43753278255462649,"z":0.054347869008779529,"w":-0.8915656208992004},"size":3.0036721229553224,"orthographic":false}