{"cameraMode":{"drawMode":0,"name":"Shaded","section":"Shading Mode"},"sceneLighting":true,"audioPlay":false,"sceneViewState":{"showFog":false,"showMaterialUpdate":false,"showSkybox":false,"showFlares":true,"showImageEffects":true,"showParticleSystems":true},"in2DMode":false,"pivot":{"x":2168.319580078125,"y":127.0771255493164,"z":2128.171875},"rotation":{"x":0.050105657428503039,"y":0.6740447282791138,"z":-0.045626357197761539,"w":0.7357468008995056},"size":1796.64501953125,"orthographic":false}