{"cameraMode":{"drawMode":0,"name":"Shaded","section":"Shading Mode"},"sceneLighting":false,"audioPlay":false,"sceneViewState":{"showFog":false,"showMaterialUpdate":false,"showSkybox":false,"showFlares":true,"showImageEffects":true,"showParticleSystems":true},"in2DMode":false,"pivot":{"x":-0.14248120784759522,"y":0.1103447675704956,"z":-0.12768876552581788},"rotation":{"x":0.013821558095514775,"y":-0.9599148631095886,"z":0.038486309349536899,"w":0.27910080552101138},"size":0.3677891194820404,"orthographic":false}