{"cameraMode":{"drawMode":0,"name":"Shaded","section":"Shading Mode"},"sceneLighting":false,"audioPlay":false,"sceneViewState":{"showFog":false,"showMaterialUpdate":false,"showSkybox":false,"showFlares":true,"showImageEffects":true,"showParticleSystems":true},"in2DMode":false,"pivot":{"x":-0.881385087966919,"y":6.119283676147461,"z":0.1916886568069458},"rotation":{"x":-0.032981377094984058,"y":-0.7754009366035461,"z":0.041244927793741229,"w":-0.6301637291908264},"size":3.723644495010376,"orthographic":false}