{"cameraMode":{"drawMode":0,"name":"Shaded","section":"Shading Mode"},"sceneLighting":false,"audioPlay":false,"sceneViewState":{"showFog":true,"showMaterialUpdate":true,"showSkybox":false,"showFlares":true,"showImageEffects":true,"showParticleSystems":true},"in2DMode":false,"pivot":{"x":0.35000038146972659,"y":1.7979998588562012,"z":-0.3386225700378418},"rotation":{"x":0.012791994959115982,"y":-0.9878812432289124,"z":0.0998891294002533,"w":0.12384133785963059},"size":3.145500898361206,"orthographic":false}