{"cameraMode":{"drawMode":0,"name":"Shaded","section":"Shading Mode"},"sceneLighting":true,"audioPlay":false,"sceneViewState":{"showFog":false,"showMaterialUpdate":false,"showSkybox":false,"showFlares":false,"showImageEffects":false,"showParticleSystems":false},"in2DMode":false,"pivot":{"x":486.625,"y":126.28024291992188,"z":170.4710235595703},"rotation":{"x":-0.057063233107328418,"y":-0.943010687828064,"z":0.2373686283826828,"w":-0.226518914103508},"size":2.6046807765960695,"orthographic":true}