{"cameraMode":{"drawMode":0,"name":"Shaded","section":"Shading Mode"},"sceneLighting":false,"audioPlay":false,"sceneViewState":{"showFog":true,"showMaterialUpdate":false,"showSkybox":false,"showFlares":true,"showImageEffects":true,"showParticleSystems":true},"in2DMode":false,"pivot":{"x":-0.1260000318288803,"y":0.013999991118907929,"z":-0.2969999611377716},"rotation":{"x":0.13827046751976014,"y":-0.3520109951496124,"z":0.05265592411160469,"w":0.9242517352104187},"size":0.05817310884594917,"orthographic":true}