{"cameraMode":{"drawMode":0,"name":"Shaded","section":"Shading Mode"},"sceneLighting":false,"audioPlay":false,"sceneViewState":{"showFog":false,"showMaterialUpdate":false,"showSkybox":false,"showFlares":true,"showImageEffects":true,"showParticleSystems":true},"in2DMode":false,"pivot":{"x":925.5699462890625,"y":574.6117553710938,"z":1.7684922218322755},"rotation":{"x":-0.08721054345369339,"y":0.006763937883079052,"z":-0.000890997878741473,"w":-0.9963641166687012},"size":936.217041015625,"orthographic":false}