{"cameraMode":{"drawMode":0,"name":"Shaded","section":"Shading Mode"},"sceneLighting":false,"audioPlay":false,"sceneViewState":{"showFog":true,"showMaterialUpdate":false,"showSkybox":false,"showFlares":true,"showImageEffects":true,"showParticleSystems":true},"in2DMode":false,"pivot":{"x":55.455047607421878,"y":3.760009765625,"z":47.577178955078128},"rotation":{"x":-0.17095182836055757,"y":0.6672146916389465,"z":-0.16137690842151643,"w":-0.706798791885376},"size":145.80905151367188,"orthographic":false}