{"cameraMode":{"drawMode":0,"name":"Shaded","section":"Shading Mode"},"sceneLighting":false,"audioPlay":false,"sceneViewState":{"showFog":true,"showMaterialUpdate":true,"showSkybox":false,"showFlares":true,"showImageEffects":true,"showParticleSystems":true},"in2DMode":false,"pivot":{"x":-4.460251331329346,"y":16.751747131347658,"z":-13.006760597229004},"rotation":{"x":0.11781949549913407,"y":-0.6853837966918945,"z":0.10693114995956421,"w":0.71172696352005},"size":3.6373064517974855,"orthographic":false}