{"cameraMode":{"drawMode":0,"name":"Shaded","section":"Shading Mode"},"sceneLighting":true,"audioPlay":false,"sceneViewState":{"showFog":false,"showMaterialUpdate":false,"showSkybox":false,"showFlares":true,"showImageEffects":true,"showParticleSystems":true},"in2DMode":false,"pivot":{"x":-81.70159149169922,"y":14.302659034729004,"z":-67.06375885009766},"rotation":{"x":-0.008901964873075486,"y":0.980811357498169,"z":0.0438125878572464,"w":0.1926928162574768},"size":5.991934776306152,"orthographic":false}