{"cameraMode":{"drawMode":0,"name":"Shaded","section":"Shading Mode"},"sceneLighting":false,"audioPlay":false,"sceneViewState":{"showFog":true,"showMaterialUpdate":true,"showSkybox":true,"showFlares":true,"showImageEffects":true,"showParticleSystems":true},"in2DMode":false,"pivot":{"x":796.29638671875,"y":595.052734375,"z":46.392578125},"rotation":{"x":-0.05844835191965103,"y":0.03563981130719185,"z":0.0017306810477748514,"w":0.9977708458900452},"size":1170.0179443359375,"orthographic":true}