{"cameraMode":{"drawMode":0,"name":"Shaded","section":"Shading Mode"},"sceneLighting":false,"audioPlay":false,"sceneViewState":{"showFog":true,"showMaterialUpdate":true,"showSkybox":false,"showFlares":true,"showImageEffects":true,"showParticleSystems":true},"in2DMode":false,"pivot":{"x":10.61958122253418,"y":1.7230000495910645,"z":9.782478332519532},"rotation":{"x":0.016233807429671289,"y":0.3238701820373535,"z":0.011020847596228123,"w":-0.9468249678611755},"size":0.07304615527391434,"orthographic":false}