{"cameraMode":{"drawMode":0,"name":"Shaded","section":"Shading Mode"},"sceneLighting":false,"audioPlay":false,"sceneViewState":{"showFog":true,"showMaterialUpdate":true,"showSkybox":false,"showFlares":true,"showImageEffects":true,"showParticleSystems":true},"in2DMode":false,"pivot":{"x":-250.00572204589845,"y":57.001365661621097,"z":261.01824951171877},"rotation":{"x":0.10412124544382096,"y":-0.6524393558502197,"z":0.086450956761837,"w":0.7467736005783081},"size":0.04896558076143265,"orthographic":false}