{"cameraMode":{"drawMode":0,"name":"Shaded","section":"Shading Mode"},"sceneLighting":false,"audioPlay":false,"sceneViewState":{"showFog":false,"showMaterialUpdate":false,"showSkybox":false,"showFlares":true,"showImageEffects":true,"showParticleSystems":true},"in2DMode":false,"pivot":{"x":-185.3179168701172,"y":108.01902770996094,"z":-610.97900390625},"rotation":{"x":-0.1343008428812027,"y":-0.7448440790176392,"z":0.15997399389743806,"w":-0.6345382332801819},"size":8.801861763000489,"orthographic":false}