{"cameraMode":{"drawMode":0,"name":"Shaded","section":"Shading Mode"},"sceneLighting":false,"audioPlay":false,"sceneViewState":{"showFog":false,"showMaterialUpdate":false,"showSkybox":false,"showFlares":false,"showImageEffects":false,"showParticleSystems":false},"in2DMode":false,"pivot":{"x":-303.2196350097656,"y":-8.61996078491211,"z":-233.19415283203126},"rotation":{"x":0.018979154527187349,"y":0.9796062707901001,"z":-0.09916458278894425,"w":0.1755283921957016},"size":1.3715381622314454,"orthographic":true}