{"cameraMode":{"drawMode":0,"name":"Shaded","section":"Shading Mode"},"sceneLighting":false,"audioPlay":false,"sceneViewState":{"showFog":false,"showMaterialUpdate":false,"showSkybox":false,"showFlares":false,"showImageEffects":false,"showParticleSystems":false},"in2DMode":false,"pivot":{"x":744.9927978515625,"y":550.3759765625,"z":-73.17485046386719},"rotation":{"x":-0.031188352033495904,"y":0.0119633162394166,"z":0.00022388432989828289,"w":0.9995309114456177},"size":672.8387451171875,"orthographic":false}