{"cameraMode":{"drawMode":0,"name":"Shaded","section":"Shading Mode"},"sceneLighting":false,"audioPlay":false,"sceneViewState":{"showFog":false,"showMaterialUpdate":false,"showSkybox":false,"showFlares":false,"showImageEffects":false,"showParticleSystems":false},"in2DMode":false,"pivot":{"x":-0.043315887451171878,"y":-4.764283180236816,"z":-0.020666122436523439},"rotation":{"x":0.0905156284570694,"y":-0.3349381387233734,"z":0.03337826579809189,"w":0.9375066757202148},"size":11.265069961547852,"orthographic":true}