{"cameraMode":{"drawMode":0,"name":"Shaded","section":"Shading Mode"},"sceneLighting":false,"audioPlay":false,"sceneViewState":{"showFog":true,"showMaterialUpdate":false,"showSkybox":false,"showFlares":true,"showImageEffects":true,"showParticleSystems":true},"in2DMode":false,"pivot":{"x":132.60000610351563,"y":8.409748077392579,"z":128.6999969482422},"rotation":{"x":-0.13327860832214356,"y":0.15306456387043,"z":-0.020837215706706048,"w":-0.9789690971374512},"size":46.42191696166992,"orthographic":false}