{"cameraMode":{"drawMode":0,"name":"Shaded","section":"Shading Mode"},"sceneLighting":false,"audioPlay":false,"sceneViewState":{"showFog":false,"showMaterialUpdate":false,"showSkybox":false,"showFlares":true,"showImageEffects":true,"showParticleSystems":true},"in2DMode":false,"pivot":{"x":3.603858709335327,"y":-75.38275909423828,"z":138.43118286132813},"rotation":{"x":0.6209659576416016,"y":-0.3738183379173279,"z":0.4327702820301056,"w":0.5364562273025513},"size":76.48727416992188,"orthographic":false}