{"cameraMode":{"drawMode":0,"name":"Shaded","section":"Shading Mode"},"sceneLighting":false,"audioPlay":false,"sceneViewState":{"showFog":true,"showMaterialUpdate":false,"showSkybox":false,"showFlares":true,"showImageEffects":true,"showParticleSystems":true},"in2DMode":false,"pivot":{"x":-29.02714729309082,"y":-101.86373138427735,"z":281.1967468261719},"rotation":{"x":0.09213009476661682,"y":-0.8968074321746826,"z":0.22261391580104829,"w":0.37117308378219607},"size":17.985397338867189,"orthographic":false}