{"cameraMode":{"drawMode":0,"name":"Shaded","section":"Shading Mode"},"sceneLighting":true,"audioPlay":false,"sceneViewState":{"showFog":true,"showMaterialUpdate":true,"showSkybox":true,"showFlares":true,"showImageEffects":true,"showParticleSystems":true},"in2DMode":false,"pivot":{"x":455.77337646484377,"y":127.41900634765625,"z":160.39263916015626},"rotation":{"x":-0.007541685365140438,"y":1.000720500946045,"z":-0.018502024933695794,"w":-0.013848025351762772},"size":10.161100387573243,"orthographic":false}