{"cameraMode":{"drawMode":0,"name":"Shaded","section":"Shading Mode"},"sceneLighting":false,"audioPlay":false,"sceneViewState":{"showFog":false,"showMaterialUpdate":false,"showSkybox":false,"showFlares":false,"showImageEffects":false,"showParticleSystems":false},"in2DMode":false,"pivot":{"x":446.952392578125,"y":148.22169494628907,"z":154.92381286621095},"rotation":{"x":-0.512065052986145,"y":0.3611324429512024,"z":-0.2506037950515747,"w":-0.7379978895187378},"size":2.7629051208496095,"orthographic":true}