{"cameraMode":{"drawMode":0,"name":"Shaded","section":"Shading Mode"},"sceneLighting":false,"audioPlay":false,"sceneViewState":{"showFog":true,"showMaterialUpdate":true,"showSkybox":false,"showFlares":true,"showImageEffects":true,"showParticleSystems":true},"in2DMode":false,"pivot":{"x":473.8992004394531,"y":129.77810668945313,"z":148.41226196289063},"rotation":{"x":-0.10044313222169876,"y":0.7352621555328369,"z":-0.11119047552347183,"w":-0.6620326638221741},"size":5.082839012145996,"orthographic":true}