{"cameraMode":{"drawMode":0,"name":"Shaded","section":"Shading Mode"},"sceneLighting":false,"audioPlay":false,"sceneViewState":{"showFog":false,"showMaterialUpdate":false,"showSkybox":false,"showFlares":true,"showImageEffects":true,"showParticleSystems":true},"in2DMode":false,"pivot":{"x":848.2340087890625,"y":587.4925537109375,"z":20.6240234375},"rotation":{"x":0.013192182406783104,"y":-0.005182003602385521,"z":-0.00036745774559676647,"w":-1.000096321105957},"size":1044.07666015625,"orthographic":false}